/*
MySQL Backup
Database: mact
Backup Time: 2019-09-06 10:52:36
*/

SET FOREIGN_KEY_CHECKS=0;
DROP TABLE IF EXISTS `mact`.`gen_scheme`;
DROP TABLE IF EXISTS `mact`.`gen_table`;
DROP TABLE IF EXISTS `mact`.`gen_table_column`;
DROP TABLE IF EXISTS `mact`.`gen_template`;
DROP TABLE IF EXISTS `mact`.`mact_phq9`;
DROP TABLE IF EXISTS `mact`.`mact_user`;
DROP TABLE IF EXISTS `mact`.`mact_user_phq9`;
DROP TABLE IF EXISTS `mact`.`sys_area`;
DROP TABLE IF EXISTS `mact`.`sys_dict`;
DROP TABLE IF EXISTS `mact`.`sys_log`;
DROP TABLE IF EXISTS `mact`.`sys_menu`;
DROP TABLE IF EXISTS `mact`.`sys_role`;
DROP TABLE IF EXISTS `mact`.`sys_role_menu`;
DROP TABLE IF EXISTS `mact`.`sys_user`;
DROP TABLE IF EXISTS `mact`.`sys_user_role`;
CREATE TABLE `gen_scheme` (
  `ID` varchar(64) DEFAULT NULL,
  `NAME` varchar(200) DEFAULT NULL,
  `CATEGORY` longtext,
  `PACKAGE_NAME` text,
  `MODULE_NAME` varchar(30) DEFAULT NULL,
  `SUB_MODULE_NAME` varchar(30) DEFAULT NULL,
  `FUNCTION_NAME` text,
  `FUNCTION_NAME_SIMPLE` varchar(100) DEFAULT NULL,
  `FUNCTION_AUTHOR` varchar(100) DEFAULT NULL,
  `GEN_TABLE_ID` varchar(200) DEFAULT NULL,
  `CREATE_BY` varchar(64) DEFAULT NULL,
  `CREATE_DATE` datetime DEFAULT NULL,
  `UPDATE_BY` varchar(64) DEFAULT NULL,
  `UPDATE_DATE` datetime DEFAULT NULL,
  `REMARKS` varchar(255) DEFAULT NULL,
  `DEL_FLAG` char(1) DEFAULT NULL
) ENGINE=InnoDB DEFAULT CHARSET=utf8 COMMENT='GEN_SCHEME';
CREATE TABLE `gen_table` (
  `ID` varchar(64) DEFAULT NULL,
  `NAME` varchar(200) DEFAULT NULL,
  `COMMENTS` text,
  `CLASS_NAME` varchar(100) DEFAULT NULL,
  `PARENT_TABLE` varchar(200) DEFAULT NULL,
  `PARENT_TABLE_FK` varchar(100) DEFAULT NULL,
  `CREATE_BY` varchar(64) DEFAULT NULL,
  `CREATE_DATE` datetime DEFAULT NULL,
  `UPDATE_BY` varchar(64) DEFAULT NULL,
  `UPDATE_DATE` datetime DEFAULT NULL,
  `REMARKS` varchar(255) DEFAULT NULL,
  `DEL_FLAG` char(1) DEFAULT NULL
) ENGINE=InnoDB DEFAULT CHARSET=utf8 COMMENT='GEN_TABLE';
CREATE TABLE `gen_table_column` (
  `ID` varchar(64) DEFAULT NULL,
  `GEN_TABLE_ID` varchar(64) DEFAULT NULL,
  `NAME` varchar(200) DEFAULT NULL,
  `COMMENTS` text,
  `JDBC_TYPE` varchar(100) DEFAULT NULL,
  `JAVA_TYPE` text,
  `JAVA_FIELD` varchar(200) DEFAULT NULL,
  `IS_PK` char(1) DEFAULT NULL,
  `IS_NULL` char(1) DEFAULT NULL,
  `IS_INSERT` char(1) DEFAULT NULL,
  `IS_EDIT` char(1) DEFAULT NULL,
  `IS_LIST` char(1) DEFAULT NULL,
  `IS_QUERY` char(1) DEFAULT NULL,
  `QUERY_TYPE` varchar(200) DEFAULT NULL,
  `SHOW_TYPE` varchar(200) DEFAULT NULL,
  `DICT_TYPE` varchar(200) DEFAULT NULL,
  `SETTINGS` longtext,
  `SORT` decimal(38,2) DEFAULT NULL COMMENT 'SORT',
  `CREATE_BY` varchar(64) DEFAULT NULL,
  `CREATE_DATE` datetime DEFAULT NULL,
  `UPDATE_BY` varchar(64) DEFAULT NULL,
  `UPDATE_DATE` datetime DEFAULT NULL,
  `REMARKS` varchar(255) DEFAULT NULL,
  `DEL_FLAG` char(1) DEFAULT NULL
) ENGINE=InnoDB DEFAULT CHARSET=utf8 COMMENT='GEN_TABLE_COLUMN';
CREATE TABLE `gen_template` (
  `ID` varchar(64) DEFAULT NULL,
  `NAME` varchar(200) DEFAULT NULL,
  `CATEGORY` longtext,
  `FILE_PATH` text,
  `FILE_NAME` varchar(200) DEFAULT NULL,
  `CONTENT` longtext,
  `CREATE_BY` varchar(64) DEFAULT NULL,
  `CREATE_DATE` datetime DEFAULT NULL,
  `UPDATE_BY` varchar(64) DEFAULT NULL,
  `UPDATE_DATE` datetime DEFAULT NULL,
  `REMARKS` varchar(255) DEFAULT NULL,
  `DEL_FLAG` char(1) DEFAULT NULL
) ENGINE=InnoDB DEFAULT CHARSET=utf8 COMMENT='GEN_TEMPLATE';
CREATE TABLE `mact_phq9` (
  `id` varchar(64) NOT NULL COMMENT 'id',
  `project` varchar(255) DEFAULT NULL COMMENT '项目',
  `sort` char(4) DEFAULT NULL COMMENT '排序',
  `none` char(2) DEFAULT NULL COMMENT '没有',
  `days` char(2) DEFAULT NULL COMMENT '有几天',
  `usual` char(2) DEFAULT NULL COMMENT '一半以上',
  `often` char(2) DEFAULT NULL COMMENT '天天',
  `create_by` varchar(64) DEFAULT NULL COMMENT '创建者',
  `create_date` datetime DEFAULT NULL COMMENT '创建时间',
  `update_by` varchar(64) DEFAULT NULL COMMENT '更新者',
  `update_date` datetime DEFAULT NULL COMMENT '更新时间',
  `remarks` varchar(255) DEFAULT NULL COMMENT '备注',
  `del_flag` char(1) DEFAULT NULL COMMENT '删除标识',
  PRIMARY KEY (`id`) USING BTREE
) ENGINE=InnoDB DEFAULT CHARSET=utf8;
CREATE TABLE `mact_user` (
  `id` varchar(64) NOT NULL COMMENT 'id',
  `user_name` varchar(255) DEFAULT NULL COMMENT '???',
  `user_sex` char(1) DEFAULT NULL COMMENT '?Ա',
  `birthday` date DEFAULT NULL COMMENT '???????',
  `education` char(2) DEFAULT NULL COMMENT 'ѧ?',
  `login_time` datetime DEFAULT NULL COMMENT '??¼ʱ?',
  `record_time` datetime DEFAULT NULL COMMENT '¼??ʱ?',
  `file_name` varchar(255) DEFAULT NULL COMMENT '?ļ',
  `file_path` varchar(255) DEFAULT NULL COMMENT '?ļ?·??',
  `status` char(1) DEFAULT NULL COMMENT '״̬(0??Ч,1??Ч)',
  `CREATE_BY` varchar(64) DEFAULT NULL COMMENT '?????',
  `CREATE_DATE` datetime DEFAULT NULL COMMENT '????ʱ?',
  `UPDATE_BY` varchar(64) DEFAULT NULL COMMENT '?????',
  `UPDATE_DATE` datetime DEFAULT NULL COMMENT '????ʱ?',
  `REMARKS` varchar(255) DEFAULT NULL COMMENT '??ע',
  `DEL_FLAG` char(1) DEFAULT NULL COMMENT 'ɾ????ʶ',
  PRIMARY KEY (`id`) USING BTREE
) ENGINE=InnoDB DEFAULT CHARSET=utf8;
CREATE TABLE `mact_user_phq9` (
  `id` varchar(64) NOT NULL COMMENT 'id',
  `phqid` varchar(64) DEFAULT NULL COMMENT 'phq9id',
  `userid` varchar(64) DEFAULT NULL COMMENT '用户id',
  `scores` char(2) DEFAULT NULL COMMENT '分值',
  `create_by` varchar(64) DEFAULT NULL COMMENT '创建者',
  `create_date` datetime DEFAULT NULL COMMENT '创建时间',
  `update_by` varchar(64) DEFAULT NULL COMMENT '更新者',
  `update_date` datetime DEFAULT NULL COMMENT '更新时间',
  `remarks` varchar(255) DEFAULT NULL COMMENT '备注',
  `del_flag` char(1) DEFAULT NULL COMMENT '删除',
  PRIMARY KEY (`id`) USING BTREE,
  KEY `FK_Reference_2` (`phqid`) USING BTREE,
  KEY `FK_Reference_3` (`userid`) USING BTREE,
  CONSTRAINT `FK_Reference_2` FOREIGN KEY (`phqid`) REFERENCES `mact_phq9` (`id`),
  CONSTRAINT `FK_Reference_3` FOREIGN KEY (`userid`) REFERENCES `mact_user` (`id`)
) ENGINE=InnoDB DEFAULT CHARSET=utf8 COMMENT='?û?PHQ-9??ֵ';
CREATE TABLE `sys_area` (
  `ID` varchar(64) DEFAULT NULL,
  `PARENT_ID` varchar(64) DEFAULT NULL,
  `PARENT_IDS` longtext,
  `NAME` varchar(100) DEFAULT NULL,
  `SORT` decimal(38,0) NOT NULL COMMENT '???',
  `CODE` varchar(100) DEFAULT NULL,
  `TYPE` char(1) DEFAULT NULL,
  `CREATE_BY` varchar(64) DEFAULT NULL,
  `CREATE_DATE` datetime DEFAULT NULL,
  `UPDATE_BY` varchar(64) DEFAULT NULL,
  `UPDATE_DATE` datetime DEFAULT NULL,
  `REMARKS` varchar(255) DEFAULT NULL,
  `DEL_FLAG` char(1) DEFAULT NULL
) ENGINE=InnoDB DEFAULT CHARSET=utf8 COMMENT='????????';
CREATE TABLE `sys_dict` (
  `ID` varchar(64) DEFAULT NULL,
  `VALUE` varchar(100) DEFAULT NULL,
  `LABEL` varchar(100) DEFAULT NULL,
  `TYPE` varchar(100) DEFAULT NULL,
  `DESCRIPTION` varchar(100) DEFAULT NULL,
  `SORT` decimal(38,0) NOT NULL COMMENT '???',
  `PARENT_ID` varchar(64) DEFAULT NULL,
  `CREATE_BY` varchar(64) DEFAULT NULL,
  `CREATE_DATE` datetime DEFAULT NULL,
  `UPDATE_BY` varchar(64) DEFAULT NULL,
  `UPDATE_DATE` datetime DEFAULT NULL,
  `REMARKS` varchar(255) DEFAULT NULL,
  `DEL_FLAG` char(1) DEFAULT NULL
) ENGINE=InnoDB DEFAULT CHARSET=utf8 COMMENT='???????';
CREATE TABLE `sys_log` (
  `ID` varchar(64) DEFAULT NULL,
  `TYPE` char(1) DEFAULT NULL,
  `TITLE` varchar(255) DEFAULT NULL,
  `CREATE_BY` varchar(64) DEFAULT NULL,
  `CREATE_DATE` datetime DEFAULT NULL,
  `REMOTE_ADDR` varchar(255) DEFAULT NULL,
  `USER_AGENT` varchar(255) DEFAULT NULL,
  `REQUEST_URI` varchar(255) DEFAULT NULL,
  `METHOD` varchar(5) DEFAULT NULL,
  `PARAMS` longtext,
  `EXCEPTION` longtext
) ENGINE=InnoDB DEFAULT CHARSET=utf8 COMMENT='?????';
CREATE TABLE `sys_menu` (
  `ID` varchar(64) DEFAULT NULL,
  `PARENT_ID` varchar(64) DEFAULT NULL,
  `PARENT_IDS` longtext,
  `NAME` varchar(100) DEFAULT NULL,
  `SORT` decimal(38,0) DEFAULT NULL COMMENT '???',
  `HREF` longtext,
  `TARGET` varchar(20) DEFAULT NULL,
  `ICON` varchar(100) DEFAULT NULL,
  `IS_SHOW` char(1) DEFAULT NULL,
  `PERMISSION` varchar(200) DEFAULT NULL,
  `CREATE_BY` varchar(64) DEFAULT NULL,
  `CREATE_DATE` datetime DEFAULT NULL,
  `UPDATE_BY` varchar(64) DEFAULT NULL,
  `UPDATE_DATE` datetime DEFAULT NULL,
  `REMARKS` varchar(255) DEFAULT NULL,
  `DEL_FLAG` char(1) DEFAULT NULL
) ENGINE=InnoDB DEFAULT CHARSET=utf8 COMMENT='???';
CREATE TABLE `sys_role` (
  `ID` varchar(64) DEFAULT NULL,
  `NAME` varchar(100) DEFAULT NULL,
  `ENNAME` varchar(255) DEFAULT NULL,
  `ROLE_TYPE` varchar(255) DEFAULT NULL,
  `DATA_SCOPE` char(1) DEFAULT NULL,
  `IS_SYS` varchar(64) DEFAULT NULL,
  `USEABLE` varchar(64) DEFAULT NULL,
  `CREATE_BY` varchar(64) DEFAULT NULL,
  `CREATE_DATE` datetime DEFAULT NULL,
  `UPDATE_BY` varchar(64) DEFAULT NULL,
  `UPDATE_DATE` datetime DEFAULT NULL,
  `REMARKS` varchar(255) DEFAULT NULL,
  `DEL_FLAG` char(1) DEFAULT NULL
) ENGINE=InnoDB DEFAULT CHARSET=utf8 COMMENT='???';
CREATE TABLE `sys_role_menu` (
  `ROLE_ID` varchar(64) DEFAULT NULL,
  `MENU_ID` varchar(64) DEFAULT NULL
) ENGINE=InnoDB DEFAULT CHARSET=utf8;
CREATE TABLE `sys_user` (
  `ID` varchar(64) DEFAULT NULL,
  `LOGIN_NAME` varchar(100) DEFAULT NULL,
  `PASSWORD` varchar(100) DEFAULT NULL,
  `NO` varchar(100) DEFAULT NULL,
  `NAME` varchar(100) DEFAULT NULL,
  `EMAIL` varchar(200) DEFAULT NULL,
  `PHONE` varchar(200) DEFAULT NULL,
  `MOBILE` varchar(200) DEFAULT NULL,
  `USER_TYPE` char(1) DEFAULT NULL,
  `PHOTO` text,
  `LOGIN_IP` varchar(100) DEFAULT NULL,
  `LOGIN_DATE` datetime DEFAULT NULL,
  `LOGIN_FLAG` varchar(64) DEFAULT NULL,
  `OBJECT_ID` varchar(64) DEFAULT NULL,
  `OBJECT_DAO` varchar(200) DEFAULT NULL,
  `CREATE_BY` varchar(64) DEFAULT NULL,
  `CREATE_DATE` datetime DEFAULT NULL,
  `UPDATE_BY` varchar(64) DEFAULT NULL,
  `UPDATE_DATE` datetime DEFAULT NULL,
  `REMARKS` varchar(255) DEFAULT NULL,
  `DEL_FLAG` char(1) DEFAULT NULL
) ENGINE=InnoDB DEFAULT CHARSET=utf8 COMMENT='???';
CREATE TABLE `sys_user_role` (
  `USER_ID` varchar(64) DEFAULT NULL,
  `ROLE_ID` varchar(64) DEFAULT NULL
) ENGINE=InnoDB DEFAULT CHARSET=utf8;
BEGIN;
LOCK TABLES `mact`.`gen_scheme` WRITE;
DELETE FROM `mact`.`gen_scheme`;
INSERT INTO `mact`.`gen_scheme` (`ID`,`NAME`,`CATEGORY`,`PACKAGE_NAME`,`MODULE_NAME`,`SUB_MODULE_NAME`,`FUNCTION_NAME`,`FUNCTION_NAME_SIMPLE`,`FUNCTION_AUTHOR`,`GEN_TABLE_ID`,`CREATE_BY`,`CREATE_DATE`,`UPDATE_BY`,`UPDATE_DATE`,`REMARKS`,`DEL_FLAG`) VALUES ('07de1cff7e244613b784323176e0b0e6', 'mact_phq9', 'curd', 'com.thinkgem.javamg.modules', 'mact', 'phq9', 'phq9量表', 'phq9', 'linj', 'd983de7e8ebb497ab46eb968d55310d6', '1', '2019-07-22 06:39:08', '1', '2019-07-22 06:39:08', '', '0'),('ec9c76819a304e4fae5e3812567442e5', 'mactUserPhq9', 'curd', 'com.thinkgem.javamg.modules', 'mact', 'userPhq9', 'userPhq9', 'userPhq9', 'linj', '08cbffd8bccd413fa4c2d1f8ec4fd52f', '1', '2019-07-22 06:40:26', '1', '2019-07-22 06:40:34', '', '0');
UNLOCK TABLES;
COMMIT;
BEGIN;
LOCK TABLES `mact`.`gen_table` WRITE;
DELETE FROM `mact`.`gen_table`;
INSERT INTO `mact`.`gen_table` (`ID`,`NAME`,`COMMENTS`,`CLASS_NAME`,`PARENT_TABLE`,`PARENT_TABLE_FK`,`CREATE_BY`,`CREATE_DATE`,`UPDATE_BY`,`UPDATE_DATE`,`REMARKS`,`DEL_FLAG`) VALUES ('d983de7e8ebb497ab46eb968d55310d6', 'mact_phq9', 'mact_phq9', 'MactPhq9', '', '', '1', '2019-07-22 06:36:05', '1', '2019-07-22 06:36:05', '', '0'),('08cbffd8bccd413fa4c2d1f8ec4fd52f', 'mact_user_phq9', '?&ucirc;?PHQ-9??ֵ', 'MactUserPhq9', 'mact_phq9', 'phqid', '1', '2019-07-22 06:37:31', '1', '2019-07-22 06:37:31', '', '0');
UNLOCK TABLES;
COMMIT;
BEGIN;
LOCK TABLES `mact`.`gen_table_column` WRITE;
DELETE FROM `mact`.`gen_table_column`;
INSERT INTO `mact`.`gen_table_column` (`ID`,`GEN_TABLE_ID`,`NAME`,`COMMENTS`,`JDBC_TYPE`,`JAVA_TYPE`,`JAVA_FIELD`,`IS_PK`,`IS_NULL`,`IS_INSERT`,`IS_EDIT`,`IS_LIST`,`IS_QUERY`,`QUERY_TYPE`,`SHOW_TYPE`,`DICT_TYPE`,`SETTINGS`,`SORT`,`CREATE_BY`,`CREATE_DATE`,`UPDATE_BY`,`UPDATE_DATE`,`REMARKS`,`DEL_FLAG`) VALUES ('94a8c4d7b2c94cb1b2c6e23e9ca16045', 'd983de7e8ebb497ab46eb968d55310d6', 'id', 'id', 'varchar(64)', 'String', 'id', '1', '0', '1', '0', '0', '0', '=', 'input', '', NULL, 10.00, '1', '2019-07-22 06:36:05', '1', '2019-07-22 06:36:05', NULL, '0'),('c5c9d5b2668c4101a210e050cea00629', 'd983de7e8ebb497ab46eb968d55310d6', 'project', '??Ŀ', 'varchar(255)', 'String', 'project', '0', '1', '1', '1', '1', '1', 'like', 'input', '', NULL, 20.00, '1', '2019-07-22 06:36:05', '1', '2019-07-22 06:36:05', NULL, '0'),('9e66736565ac453e84e72491f35d16cf', 'd983de7e8ebb497ab46eb968d55310d6', 'sort', '???', 'char(4)', 'String', 'sort', '0', '1', '1', '1', '1', '0', '=', 'input', '', NULL, 30.00, '1', '2019-07-22 06:36:05', '1', '2019-07-22 06:36:05', NULL, '0'),('56f9a46d32d34548b5ae09a91aba52d0', 'd983de7e8ebb497ab46eb968d55310d6', 'none', '&ucirc;?', 'char(2)', 'String', 'none', '0', '1', '1', '1', '1', '1', '=', 'input', '', NULL, 40.00, '1', '2019-07-22 06:36:05', '1', '2019-07-22 06:36:05', NULL, '0'),('21039a49af484ffe9f20afb26c7a55d6', 'd983de7e8ebb497ab46eb968d55310d6', 'days', '?м??', 'char(2)', 'String', 'days', '0', '1', '1', '1', '1', '1', '=', 'input', '', NULL, 50.00, '1', '2019-07-22 06:36:05', '1', '2019-07-22 06:36:05', NULL, '0'),('b52a7c8e1eeb4b1f8b219c67465ed319', 'd983de7e8ebb497ab46eb968d55310d6', 'usual', 'һ?????', 'char(2)', 'String', 'usual', '0', '1', '1', '1', '1', '1', '=', 'input', '', NULL, 60.00, '1', '2019-07-22 06:36:05', '1', '2019-07-22 06:36:05', NULL, '0'),('d68902dd02e14c20b49f73e2ff93d386', 'd983de7e8ebb497ab46eb968d55310d6', 'often', '???', 'char(2)', 'String', 'often', '0', '1', '1', '1', '1', '1', '=', 'input', '', NULL, 70.00, '1', '2019-07-22 06:36:05', '1', '2019-07-22 06:36:05', NULL, '0'),('f9995a86649849f3816e2bf81f824737', 'd983de7e8ebb497ab46eb968d55310d6', 'create_by', '?????', 'varchar(64)', 'com.thinkgem.javamg.modules.sys.entity.User', 'createBy.id', '0', '1', '1', '0', '1', '0', '=', 'input', '', NULL, 80.00, '1', '2019-07-22 06:36:05', '1', '2019-07-22 06:36:05', NULL, '0'),('a121bde141254ff8a9097de642602a2f', 'd983de7e8ebb497ab46eb968d55310d6', 'create_date', '????ʱ?', 'datetime', 'java.util.Date', 'createDate', '0', '1', '1', '0', '1', '0', '=', 'dateselect', '', NULL, 90.00, '1', '2019-07-22 06:36:05', '1', '2019-07-22 06:36:05', NULL, '0'),('4073b9669d8143cc8eb6d1bf093f0333', 'd983de7e8ebb497ab46eb968d55310d6', 'update_by', '?????', 'varchar(64)', 'com.thinkgem.javamg.modules.sys.entity.User', 'updateBy.id', '0', '1', '1', '0', '1', '0', '=', 'input', '', NULL, 100.00, '1', '2019-07-22 06:36:05', '1', '2019-07-22 06:36:05', NULL, '0'),('da96bc33dd78431b86d16fee78a6ea0f', 'd983de7e8ebb497ab46eb968d55310d6', 'update_date', '????ʱ?', 'datetime', 'java.util.Date', 'updateDate', '0', '1', '1', '0', '1', '0', '=', 'dateselect', '', NULL, 110.00, '1', '2019-07-22 06:36:05', '1', '2019-07-22 06:36:05', NULL, '0'),('1be71fdd64874b7dba9125e343c5d66a', 'd983de7e8ebb497ab46eb968d55310d6', 'remarks', '??ע', 'varchar(255)', 'String', 'remarks', '0', '1', '1', '1', '1', '0', '=', 'textarea', '', NULL, 120.00, '1', '2019-07-22 06:36:05', '1', '2019-07-22 06:36:05', NULL, '0'),('d57def9838fe495db435f39aa89bd368', 'd983de7e8ebb497ab46eb968d55310d6', 'del_flag', 'ɾ????ʶ', 'char(1)', 'String', 'delFlag', '0', '1', '1', '0', '0', '0', '=', 'radiobox', 'del_flag', NULL, 130.00, '1', '2019-07-22 06:36:05', '1', '2019-07-22 06:36:05', NULL, '0'),('6d1e48aef12d4aeaa8edb94160a0b97e', '08cbffd8bccd413fa4c2d1f8ec4fd52f', 'id', 'id', 'varchar(64)', 'String', 'id', '1', '0', '1', '0', '0', '0', '=', 'input', '', NULL, 10.00, '1', '2019-07-22 06:37:31', '1', '2019-07-22 06:37:31', NULL, '0'),('a28fb34e7053423eb6401bc7dd2b0dcc', '08cbffd8bccd413fa4c2d1f8ec4fd52f', 'phqid', 'phq9id', 'varchar(64)', 'String', 'phqid', '0', '1', '1', '1', '1', '1', '=', 'input', '', NULL, 20.00, '1', '2019-07-22 06:37:31', '1', '2019-07-22 06:37:31', NULL, '0'),('c497c65b639f44f1845c893d8a9540af', '08cbffd8bccd413fa4c2d1f8ec4fd52f', 'userid', '?&ucirc;?id', 'varchar(64)', 'String', 'userid', '0', '1', '1', '1', '1', '1', '=', 'input', '', NULL, 30.00, '1', '2019-07-22 06:37:31', '1', '2019-07-22 06:37:31', NULL, '0'),('3a959836dc7c49e1bdcf0ae9a3d7e1f5', '08cbffd8bccd413fa4c2d1f8ec4fd52f', 'scores', '??ֵ', 'char(2)', 'String', 'scores', '0', '1', '1', '1', '1', '1', '=', 'input', '', NULL, 40.00, '1', '2019-07-22 06:37:31', '1', '2019-07-22 06:37:31', NULL, '0'),('e2e2cabfd0d14a4fa292c5fbe7e1d5b1', '08cbffd8bccd413fa4c2d1f8ec4fd52f', 'create_by', '?????', 'varchar(64)', 'com.thinkgem.javamg.modules.sys.entity.User', 'createBy.id', '0', '1', '1', '0', '1', '0', '=', 'input', '', NULL, 50.00, '1', '2019-07-22 06:37:31', '1', '2019-07-22 06:37:31', NULL, '0'),('01117565deb347548811d8c945acb011', '08cbffd8bccd413fa4c2d1f8ec4fd52f', 'create_date', '????ʱ?', 'datetime', 'java.util.Date', 'createDate', '0', '1', '1', '0', '0', '0', '=', 'dateselect', '', NULL, 60.00, '1', '2019-07-22 06:37:31', '1', '2019-07-22 06:37:31', NULL, '0'),('23503d4efc824c54b189dbec1852a518', '08cbffd8bccd413fa4c2d1f8ec4fd52f', 'update_by', '?????', 'varchar(64)', 'com.thinkgem.javamg.modules.sys.entity.User', 'updateBy.id', '0', '1', '1', '1', '0', '0', '=', 'input', '', NULL, 70.00, '1', '2019-07-22 06:37:31', '1', '2019-07-22 06:37:31', NULL, '0'),('77c15f37e5ad438ea7634ea975d5785d', '08cbffd8bccd413fa4c2d1f8ec4fd52f', 'update_date', '????ʱ?', 'datetime', 'java.util.Date', 'updateDate', '0', '1', '1', '1', '0', '0', '=', 'dateselect', '', NULL, 80.00, '1', '2019-07-22 06:37:31', '1', '2019-07-22 06:37:31', NULL, '0'),('9b94e2e3846d416bae168f0de2f8b0df', '08cbffd8bccd413fa4c2d1f8ec4fd52f', 'remarks', '??ע', 'varchar(255)', 'String', 'remarks', '0', '1', '1', '1', '0', '0', '=', 'textarea', '', NULL, 90.00, '1', '2019-07-22 06:37:31', '1', '2019-07-22 06:37:31', NULL, '0'),('0f6ab6311ec94e27bc526859f1b7f527', '08cbffd8bccd413fa4c2d1f8ec4fd52f', 'del_flag', 'ɾ????ʶ', 'char(1)', 'String', 'delFlag', '0', '1', '1', '0', '0', '0', '=', 'radiobox', 'del_flag', NULL, 100.00, '1', '2019-07-22 06:37:32', '1', '2019-07-22 06:37:32', NULL, '0');
UNLOCK TABLES;
COMMIT;
BEGIN;
LOCK TABLES `mact`.`gen_template` WRITE;
DELETE FROM `mact`.`gen_template`;
UNLOCK TABLES;
COMMIT;
BEGIN;
LOCK TABLES `mact`.`mact_phq9` WRITE;
DELETE FROM `mact`.`mact_phq9`;
INSERT INTO `mact`.`mact_phq9` (`id`,`project`,`sort`,`none`,`days`,`usual`,`often`,`create_by`,`create_date`,`update_by`,`update_date`,`remarks`,`del_flag`) VALUES ('3f0b2072889042b791046bc5ab21f5e3', '食欲不振或吃太多', '5', '0', '1', '2', '3', '8a4c7df9f62a46bd93146a0947e6d49c', '2019-07-22 07:22:16', '8a4c7df9f62a46bd93146a0947e6d49c', '2019-07-22 07:22:16', '', '0'),('534312e771854cab8fc695ac32e00562', '感觉疲倦或没有力气', '4', '0', '1', '2', '3', '8a4c7df9f62a46bd93146a0947e6d49c', '2019-07-22 07:22:00', '8a4c7df9f62a46bd93146a0947e6d49c', '2019-07-22 07:22:00', '', '0'),('628b8910426c41b1b5d7ff6bf4e2deab', '认为自己很糟或觉得自己很失败，或让自己、家人失望', '6', '0', '1', '2', '3', '8a4c7df9f62a46bd93146a0947e6d49c', '2019-07-22 07:22:35', '8a4c7df9f62a46bd93146a0947e6d49c', '2019-07-22 07:22:35', '', '0'),('6d0c26662b8a4ead850a8a8cebb3444d', '做事时提不起劲或没有兴趣', '1', '0', '1', '2', '3', '8a4c7df9f62a46bd93146a0947e6d49c', '2019-07-22 07:18:35', '8a4c7df9f62a46bd93146a0947e6d49c', '2019-07-22 07:18:35', '', '0'),('7907246c2645464680a743039a471ac4', '感到心情低落, 沮丧或绝望', '2', '0', '1', '2', '3', '8a4c7df9f62a46bd93146a0947e6d49c', '2019-07-22 07:21:16', '8a4c7df9f62a46bd93146a0947e6d49c', '2019-07-22 07:21:16', '', '0'),('841b12a61b2e4dbeab7bb9b81609474c', '说话或行动缓慢到别人能够注意到，或精力过剩，感到坐立不安或烦躁', '8', '0', '1', '2', '3', '8a4c7df9f62a46bd93146a0947e6d49c', '2019-07-22 07:23:09', '8a4c7df9f62a46bd93146a0947e6d49c', '2019-07-22 07:23:09', '', '0'),('b0af35bfab64430d8e91b1eb684a68d0', '觉得还不如死了算了或想采取某些手段进行自我伤害', '9', '0', '1', '2', '3', '8a4c7df9f62a46bd93146a0947e6d49c', '2019-07-22 07:23:26', '8a4c7df9f62a46bd93146a0947e6d49c', '2019-07-22 07:23:26', '', '0'),('c553b7e127744f569a00b56c0f2fc3ae', '注意力难以集中，例如看报纸或看电视时', '7', '0', '1', '2', '3', '8a4c7df9f62a46bd93146a0947e6d49c', '2019-07-22 07:22:53', '8a4c7df9f62a46bd93146a0947e6d49c', '2019-07-22 07:22:53', '', '0'),('e440824a900e4a0eb41b7008372cef37', '入睡困难、睡不安或睡得过多', '3', '0', '1', '2', '3', '8a4c7df9f62a46bd93146a0947e6d49c', '2019-07-22 07:21:44', '8a4c7df9f62a46bd93146a0947e6d49c', '2019-07-22 07:21:44', '', '0');
UNLOCK TABLES;
COMMIT;
BEGIN;
LOCK TABLES `mact`.`mact_user` WRITE;
DELETE FROM `mact`.`mact_user`;
UNLOCK TABLES;
COMMIT;
BEGIN;
LOCK TABLES `mact`.`mact_user_phq9` WRITE;
DELETE FROM `mact`.`mact_user_phq9`;
UNLOCK TABLES;
COMMIT;
BEGIN;
LOCK TABLES `mact`.`sys_area` WRITE;
DELETE FROM `mact`.`sys_area`;
UNLOCK TABLES;
COMMIT;
BEGIN;
LOCK TABLES `mact`.`sys_dict` WRITE;
DELETE FROM `mact`.`sys_dict`;
INSERT INTO `mact`.`sys_dict` (`ID`,`VALUE`,`LABEL`,`TYPE`,`DESCRIPTION`,`SORT`,`PARENT_ID`,`CREATE_BY`,`CREATE_DATE`,`UPDATE_BY`,`UPDATE_DATE`,`REMARKS`,`DEL_FLAG`) VALUES ('90', 'userselect', '人员选择', 'gen_show_type', '字段生成方案', 70, '0', '1', '2013-10-28 08:00:00', '1', '2013-10-28 08:00:00', NULL, '1'),('91', 'officeselect', '部门选择', 'gen_show_type', '字段生成方案', 80, '0', '1', '2013-10-28 08:00:00', '1', '2013-10-28 08:00:00', NULL, '1'),('92', 'areaselect', '区域选择', 'gen_show_type', '字段生成方案', 90, '0', '1', '2013-10-28 08:00:00', '1', '2013-10-28 08:00:00', NULL, '1'),('93', 'String', 'String', 'gen_java_type', 'Java类型', 10, '0', '1', '2013-10-28 08:00:00', '1', '2013-10-28 08:00:00', NULL, '1'),('94', 'Long', 'Long', 'gen_java_type', 'Java类型', 20, '0', '1', '2013-10-28 08:00:00', '1', '2013-10-28 08:00:00', NULL, '1'),('95', 'dao', '仅持久层', 'gen_category', '代码生成分类', 40, '0', '1', '2013-10-28 08:00:00', '1', '2013-10-28 08:00:00', NULL, '1'),('96', '1', '男', 'sex', '性别', 10, '0', '1', '2013-10-28 08:00:00', '1', '2013-10-28 08:00:00', NULL, '0'),('97', '2', '女', 'sex', '性别', 20, '0', '1', '2013-10-28 08:00:00', '1', '2013-10-28 08:00:00', NULL, '0'),('98', 'Integer', 'Integer', 'gen_java_type', 'Java类型', 30, '0', '1', '2013-10-28 08:00:00', '1', '2013-10-28 08:00:00', NULL, '1'),('99', 'Double', 'Double', 'gen_java_type', 'Java类型', 40, '0', '1', '2013-10-28 08:00:00', '1', '2013-10-28 08:00:00', NULL, '1'),('1', '0', '正常', 'del_flag', '删除标记', 10, '0', '1', '2013-05-27 08:00:00', '1', '2013-05-27 08:00:00', NULL, '0'),('100', 'java.util.Date', 'Date', 'gen_java_type', 'Java类型', 50, '0', '1', '2013-10-28 08:00:00', '1', '2013-10-28 08:00:00', NULL, '1'),('101', 'com.javamg.javamg.modules.sys.entity.User', 'User', 'gen_java_type', 'Java类型', 60, '0', '1', '2013-10-28 08:00:00', '1', '2013-10-28 08:00:00', NULL, '1'),('102', 'com.javamg.javamg.modules.sys.entity.Office', 'Office', 'gen_java_type', 'Java类型', 70, '0', '1', '2013-10-28 08:00:00', '1', '2013-10-28 08:00:00', NULL, '1'),('103', 'com.javamg.javamg.modules.sys.entity.Area', 'Area', 'gen_java_type', 'Java类型', 80, '0', '1', '2013-10-28 08:00:00', '1', '2013-10-28 08:00:00', NULL, '1'),('104', 'Custom', 'Custom', 'gen_java_type', 'Java类型', 90, '0', '1', '2013-10-28 08:00:00', '1', '2013-10-28 08:00:00', NULL, '1'),('17', '1', '国家', 'sys_area_type', '区域类型', 10, '0', '1', '2013-05-27 08:00:00', '1', '2013-05-27 08:00:00', NULL, '0'),('18', '2', '省份、直辖市', 'sys_area_type', '区域类型', 20, '0', '1', '2013-05-27 08:00:00', '1', '2013-05-27 08:00:00', NULL, '0'),('19', '3', '地市', 'sys_area_type', '区域类型', 30, '0', '1', '2013-05-27 08:00:00', '1', '2013-05-27 08:00:00', NULL, '0'),('2', '1', '删除', 'del_flag', '删除标记', 20, '0', '1', '2013-05-27 08:00:00', '1', '2013-05-27 08:00:00', NULL, '0'),('20', '4', '区县', 'sys_area_type', '区域类型', 40, '0', '1', '2013-05-27 08:00:00', '1', '2013-05-27 08:00:00', NULL, '0'),('3', '1', '显示', 'show_hide', '显示/隐藏', 10, '0', '1', '2013-05-27 08:00:00', '1', '2013-05-27 08:00:00', NULL, '0'),('32', '1', '所有数据', 'sys_data_scope', '数据范围', 10, '0', '1', '2013-05-27 08:00:00', '1', '2013-05-27 08:00:00', NULL, '0'),('33', '2', '所在公司及以下数据', 'sys_data_scope', '数据范围', 20, '0', '1', '2013-05-27 08:00:00', '1', '2013-05-27 08:00:00', NULL, '0'),('34', '3', '所在公司数据', 'sys_data_scope', '数据范围', 30, '0', '1', '2013-05-27 08:00:00', '1', '2013-05-27 08:00:00', NULL, '0'),('35', '4', '所在部门及以下数据', 'sys_data_scope', '数据范围', 40, '0', '1', '2013-05-27 08:00:00', '1', '2013-05-27 08:00:00', NULL, '0'),('36', '5', '所在部门数据', 'sys_data_scope', '数据范围', 50, '0', '1', '2013-05-27 08:00:00', '1', '2013-05-27 08:00:00', NULL, '0'),('37', '8', '仅本人数据', 'sys_data_scope', '数据范围', 90, '0', '1', '2013-05-27 08:00:00', '1', '2013-05-27 08:00:00', NULL, '0'),('38', '9', '按明细设置', 'sys_data_scope', '数据范围', 100, '0', '1', '2013-05-27 08:00:00', '1', '2013-05-27 08:00:00', NULL, '0'),('39', '1', '系统管理', 'sys_user_type', '用户类型', 10, '0', '1', '2013-05-27 08:00:00', '1', '2013-05-27 08:00:00', NULL, '0'),('4', '0', '隐藏', 'show_hide', '显示/隐藏', 20, '0', '1', '2013-05-27 08:00:00', '1', '2013-05-27 08:00:00', NULL, '0'),('40', '2', '部门经理', 'sys_user_type', '用户类型', 20, '0', '1', '2013-05-27 08:00:00', '1', '2013-05-27 08:00:00', NULL, '0'),('41', '3', '普通用户', 'sys_user_type', '用户类型', 30, '0', '1', '2013-05-27 08:00:00', '1', '2013-05-27 08:00:00', NULL, '0'),('5', '1', '是', 'yes_no', '是/否', 10, '0', '1', '2013-05-27 08:00:00', '1', '2013-05-27 08:00:00', NULL, '0'),('6', '0', '否', 'yes_no', '是/否', 20, '0', '1', '2013-05-27 08:00:00', '1', '2013-05-27 08:00:00', NULL, '0'),('67', '1', '接入日志', 'sys_log_type', '日志类型', 30, '0', '1', '2013-06-03 08:00:00', '1', '2013-06-03 08:00:00', NULL, '0'),('68', '2', '异常日志', 'sys_log_type', '日志类型', 40, '0', '1', '2013-06-03 08:00:00', '1', '2013-06-03 08:00:00', NULL, '0'),('73', 'crud', '增删改查', 'gen_category', '代码生成分类', 10, '0', '1', '2013-10-28 08:00:00', '1', '2013-10-28 08:00:00', NULL, '1'),('74', 'crud_many', '增删改查（包含从表）', 'gen_category', '代码生成分类', 20, '0', '1', '2013-10-28 08:00:00', '1', '2013-10-28 08:00:00', NULL, '1'),('75', 'tree', '树结构', 'gen_category', '代码生成分类', 30, '0', '1', '2013-10-28 08:00:00', '1', '2013-10-28 08:00:00', NULL, '1'),('76', '=', '=', 'gen_query_type', '查询方式', 10, '0', '1', '2013-10-28 08:00:00', '1', '2013-10-28 08:00:00', NULL, '1'),('77', '!=', '!=', 'gen_query_type', '查询方式', 20, '0', '1', '2013-10-28 08:00:00', '1', '2013-10-28 08:00:00', NULL, '1'),('78', '>', '>', 'gen_query_type', '查询方式', 30, '0', '1', '2013-10-28 08:00:00', '1', '2013-10-28 08:00:00', NULL, '1'),('79', '<', '<', 'gen_query_type', '查询方式', 40, '0', '1', '2013-10-28 08:00:00', '1', '2013-10-28 08:00:00', NULL, '1'),('80', 'between', 'Between', 'gen_query_type', '查询方式', 50, '0', '1', '2013-10-28 08:00:00', '1', '2013-10-28 08:00:00', NULL, '1'),('81', 'like', 'Like', 'gen_query_type', '查询方式', 60, '0', '1', '2013-10-28 08:00:00', '1', '2013-10-28 08:00:00', NULL, '1'),('82', 'left_like', 'Left Like', 'gen_query_type', '查询方式', 70, '0', '1', '2013-10-28 08:00:00', '1', '2013-10-28 08:00:00', NULL, '1'),('83', 'right_like', 'Right Like', 'gen_query_type', '查询方式', 80, '0', '1', '2013-10-28 08:00:00', '1', '2013-10-28 08:00:00', NULL, '1'),('84', 'input', '文本框', 'gen_show_type', '字段生成方案', 10, '0', '1', '2013-10-28 08:00:00', '1', '2013-10-28 08:00:00', NULL, '1'),('85', 'textarea', '文本域', 'gen_show_type', '字段生成方案', 20, '0', '1', '2013-10-28 08:00:00', '1', '2013-10-28 08:00:00', NULL, '1'),('86', 'select', '下拉框', 'gen_show_type', '字段生成方案', 30, '0', '1', '2013-10-28 08:00:00', '1', '2013-10-28 08:00:00', NULL, '1'),('87', 'checkbox', '复选框', 'gen_show_type', '字段生成方案', 40, '0', '1', '2013-10-28 08:00:00', '1', '2013-10-28 08:00:00', NULL, '1'),('88', 'radiobox', '单选框', 'gen_show_type', '字段生成方案', 50, '0', '1', '2013-10-28 08:00:00', '1', '2013-10-28 08:00:00', NULL, '1'),('89', 'dateselect', '日期选择', 'gen_show_type', '字段生成方案', 60, '0', '1', '2013-10-28 08:00:00', '1', '2013-10-28 08:00:00', NULL, '1'),('d33401e8a8be42d0a73fe175764a610e', '1', '博士研究生', 'education', '学历', 10, NULL, '1', '2019-05-12 16:39:19', '1', '2019-05-13 19:18:47', '', '0'),('3abd34ba4d804d48bd03d829e920a262', '2', '硕士研究生', 'education', '学历', 20, NULL, '1', '2019-05-12 16:40:01', '1', '2019-05-13 19:18:50', '', '0'),('b43a76192c64481db95bc308ff8695f6', '3', '本科', 'education', '学历', 30, NULL, '1', '2019-05-12 16:40:11', '1', '2019-05-12 16:40:11', '', '0'),('ed8cedd9c07c4dfba3fc26a995c240ef', '4', '高职', 'education', '学历', 40, NULL, '1', '2019-05-13 19:18:59', '1', '2019-05-13 19:19:09', '', '0'),('afdfa9b213904ed3b178b7f4ab74429a', '5', '大专', 'education', '学历', 50, NULL, '1', '2019-05-13 19:19:20', '1', '2019-05-13 19:19:20', '', '0'),('b0cd474736a44dfeb0f9f37070aaaca3', '6', '中专', 'education', '学历', 60, NULL, '1', '2019-05-13 19:19:32', '1', '2019-05-13 19:19:32', '', '0'),('6dcb47b30abd40578742bca1b55757ab', '7', '高级中学', 'education', '学历', 70, NULL, '1', '2019-05-13 19:19:43', '1', '2019-05-13 19:19:43', '', '0'),('50733b02796347b29203063e18fc0fca', '8', '初级中学', 'education', '学历', 80, NULL, '1', '2019-05-13 19:19:57', '1', '2019-05-13 19:19:57', '', '0'),('adfc94b299d94f11a559c0866173b13a', '9', '小学', 'education', '学历', 90, NULL, '1', '2019-05-13 19:20:07', '1', '2019-05-13 19:20:07', '', '0'),('8ed693532ac642c798154f5d19556ff2', '10', '其他', 'education', '学历', 100, NULL, '1', '2019-05-13 19:20:19', '1', '2019-05-13 19:20:19', '', '0'),('0d4d58757a0f44e7ba85a419aedb817a', '0', '无效', 'mact_status', '用户录音状态', 10, NULL, '1', '2019-06-01 16:56:14', '1', '2019-06-01 16:56:14', '', '0'),('79092ac9e20542fdb6ae716ab41f8b45', '1', '有效', 'mact_status', '用户录音状态', 20, NULL, '1', '2019-06-01 16:56:27', '1', '2019-06-01 16:56:27', '', '0');
UNLOCK TABLES;
COMMIT;
BEGIN;
LOCK TABLES `mact`.`sys_log` WRITE;
DELETE FROM `mact`.`sys_log`;
INSERT INTO `mact`.`sys_log` (`ID`,`TYPE`,`TITLE`,`CREATE_BY`,`CREATE_DATE`,`REMOTE_ADDR`,`USER_AGENT`,`REQUEST_URI`,`METHOD`,`PARAMS`,`EXCEPTION`) VALUES ('b263797a11d3482e82a0047f819f7c07', '1', '系统登录', '1', '2019-06-28 03:58:57', '127.0.0.1', 'Mozilla/5.0 (Windows NT 10.0; Win64; x64) AppleWebKit/537.36 (KHTML, like Gecko) Chrome/64.0.3282.140 Safari/537.36 Edge/18.17763', '/mact_web/a', 'GET', 'login=', ''),('af2fab9d3cc14ff49ece2aef7ac08c86', '1', '系统设置-用户管理-用户管理', '1', '2019-06-28 03:58:59', '127.0.0.1', 'Mozilla/5.0 (Windows NT 10.0; Win64; x64) AppleWebKit/537.36 (KHTML, like Gecko) Chrome/64.0.3282.140 Safari/537.36 Edge/18.17763', '/mact_web/a/sys/user/list', 'GET', '', ''),('4179511e13a242f08df36f95d42dac0b', '1', '系统登录', '1', '2019-06-28 04:01:33', '127.0.0.1', 'Mozilla/5.0 (Windows NT 10.0; Win64; x64) AppleWebKit/537.36 (KHTML, like Gecko) Chrome/75.0.3770.100 Safari/537.36', '/mact_web/a', 'GET', 'login=', ''),('4854df125d7c4339b99b3cca73e8670c', '1', '系统设置-用户管理-用户管理', '1', '2019-06-28 04:01:34', '127.0.0.1', 'Mozilla/5.0 (Windows NT 10.0; Win64; x64) AppleWebKit/537.36 (KHTML, like Gecko) Chrome/75.0.3770.100 Safari/537.36', '/mact_web/a/sys/user/list', 'GET', '', ''),('54df473239fc4fd1b056e200c1f8f12f', '1', '系统登录', '1', '2019-07-17 02:47:35', '127.0.0.1', 'Mozilla/5.0 (Windows NT 10.0; Win64; x64) AppleWebKit/537.36 (KHTML, like Gecko) Chrome/64.0.3282.140 Safari/537.36 Edge/18.17763', '/mact_web/a', 'GET', 'login=', ''),('71593b7ead444f31acf26ac1a02c94a0', '1', '系统设置-用户管理-用户管理', '1', '2019-07-17 02:47:37', '127.0.0.1', 'Mozilla/5.0 (Windows NT 10.0; Win64; x64) AppleWebKit/537.36 (KHTML, like Gecko) Chrome/64.0.3282.140 Safari/537.36 Edge/18.17763', '/mact_web/a/sys/user/list', 'GET', '', ''),('a69653cec9b74b228de7eb2ae0b577f0', '1', '系统设置-系统设置-菜单管理', '1', '2019-07-17 02:49:05', '127.0.0.1', 'Mozilla/5.0 (Windows NT 10.0; Win64; x64) AppleWebKit/537.36 (KHTML, like Gecko) Chrome/64.0.3282.140 Safari/537.36 Edge/18.17763', '/mact_web/a/sys/menu/', 'GET', '', ''),('b7171ac6484840f9a75956d0bba311cc', '1', '系统设置-系统设置-角色管理', '1', '2019-07-17 02:49:07', '127.0.0.1', 'Mozilla/5.0 (Windows NT 10.0; Win64; x64) AppleWebKit/537.36 (KHTML, like Gecko) Chrome/64.0.3282.140 Safari/537.36 Edge/18.17763', '/mact_web/a/sys/role/', 'GET', '', ''),('4d92584f2d4c4d6d9cfbb804bd1aa45b', '1', '系统设置-系统设置-字典管理', '1', '2019-07-17 02:49:10', '127.0.0.1', 'Mozilla/5.0 (Windows NT 10.0; Win64; x64) AppleWebKit/537.36 (KHTML, like Gecko) Chrome/64.0.3282.140 Safari/537.36 Edge/18.17763', '/mact_web/a/sys/dict/', 'GET', '', ''),('b5cea4ec2fa04c678afffccf2229c434', '1', '代码生成-代码生成-业务表配置', '1', '2019-07-17 02:49:16', '127.0.0.1', 'Mozilla/5.0 (Windows NT 10.0; Win64; x64) AppleWebKit/537.36 (KHTML, like Gecko) Chrome/64.0.3282.140 Safari/537.36 Edge/18.17763', '/mact_web/a/gen/genTable', 'GET', '', ''),('4d53a638758f471289a1c6c0db0be791', '1', '代码生成-代码生成-生成方案配置', '1', '2019-07-17 02:49:47', '127.0.0.1', 'Mozilla/5.0 (Windows NT 10.0; Win64; x64) AppleWebKit/537.36 (KHTML, like Gecko) Chrome/64.0.3282.140 Safari/537.36 Edge/18.17763', '/mact_web/a/gen/genScheme', 'GET', '', ''),('0f68d4dcd09542809947657b48c67e05', '1', '代码生成-代码生成-生成方案配置', '1', '2019-07-17 02:49:57', '127.0.0.1', 'Mozilla/5.0 (Windows NT 10.0; Win64; x64) AppleWebKit/537.36 (KHTML, like Gecko) Chrome/64.0.3282.140 Safari/537.36 Edge/18.17763', '/mact_web/a/gen/genScheme', 'GET', '', ''),('f7b5c9c3692544caa2cef08406c29a9c', '1', '代码生成-代码生成-业务表配置', '1', '2019-07-17 02:49:58', '127.0.0.1', 'Mozilla/5.0 (Windows NT 10.0; Win64; x64) AppleWebKit/537.36 (KHTML, like Gecko) Chrome/64.0.3282.140 Safari/537.36 Edge/18.17763', '/mact_web/a/gen/genTable', 'GET', '', ''),('2c853a794d1047ff8d009b6a9a58b8fe', '1', '系统登录', '8a4c7df9f62a46bd93146a0947e6d49c', '2019-07-18 10:12:28', '127.0.0.1', 'Mozilla/5.0 (Windows NT 10.0; Win64; x64) AppleWebKit/537.36 (KHTML, like Gecko) Chrome/64.0.3282.140 Safari/537.36 Edge/18.17763', '/mact_web/a', 'GET', 'login=', ''),('ea3ebb1631a74a6a843992720c605608', '1', '语料管理-语料管理-语料采集', '8a4c7df9f62a46bd93146a0947e6d49c', '2019-07-18 10:12:29', '127.0.0.1', 'Mozilla/5.0 (Windows NT 10.0; Win64; x64) AppleWebKit/537.36 (KHTML, like Gecko) Chrome/64.0.3282.140 Safari/537.36 Edge/18.17763', '/mact_web/a/mact/mactUser', 'GET', '', ''),('95415d447c864f588f87db43eec1044f', '1', '系统登录', '8a4c7df9f62a46bd93146a0947e6d49c', '2019-07-18 10:17:51', '127.0.0.1', 'Mozilla/5.0 (Windows NT 10.0; Win64; x64) AppleWebKit/537.36 (KHTML, like Gecko) Chrome/64.0.3282.140 Safari/537.36 Edge/18.17763', '/mact_web/a', 'GET', 'login=', ''),('265a0ab7e97f442f9a2c068e7b44aa91', '1', '语料管理-语料管理-语料采集', '8a4c7df9f62a46bd93146a0947e6d49c', '2019-07-18 10:17:53', '127.0.0.1', 'Mozilla/5.0 (Windows NT 10.0; Win64; x64) AppleWebKit/537.36 (KHTML, like Gecko) Chrome/64.0.3282.140 Safari/537.36 Edge/18.17763', '/mact_web/a/mact/mactUser', 'GET', '', ''),('ed0b7f116cbb4bcb83087a6cef9d01bf', '1', '系统登录', '8a4c7df9f62a46bd93146a0947e6d49c', '2019-07-18 10:20:23', '127.0.0.1', 'Mozilla/5.0 (Windows NT 10.0; Win64; x64) AppleWebKit/537.36 (KHTML, like Gecko) Chrome/64.0.3282.140 Safari/537.36 Edge/18.17763', '/mact_web/a', 'GET', '', ''),('388bec16aa9c41c483c55f0476eb2573', '1', '语料管理-语料管理-语料采集', '8a4c7df9f62a46bd93146a0947e6d49c', '2019-07-18 10:20:24', '127.0.0.1', 'Mozilla/5.0 (Windows NT 10.0; Win64; x64) AppleWebKit/537.36 (KHTML, like Gecko) Chrome/64.0.3282.140 Safari/537.36 Edge/18.17763', '/mact_web/a/mact/mactUser', 'GET', '', ''),('1ed40e49f378449cbc9282bc84c4f1a8', '1', '系统登录', '8a4c7df9f62a46bd93146a0947e6d49c', '2019-07-18 10:21:47', '127.0.0.1', 'Mozilla/5.0 (Windows NT 10.0; Win64; x64) AppleWebKit/537.36 (KHTML, like Gecko) Chrome/64.0.3282.140 Safari/537.36 Edge/18.17763', '/mact_web/a', 'GET', '', ''),('739a733cd7344cca8d5d1bec77ed21b1', '1', '语料管理-语料管理-语料采集', '8a4c7df9f62a46bd93146a0947e6d49c', '2019-07-18 10:21:48', '127.0.0.1', 'Mozilla/5.0 (Windows NT 10.0; Win64; x64) AppleWebKit/537.36 (KHTML, like Gecko) Chrome/64.0.3282.140 Safari/537.36 Edge/18.17763', '/mact_web/a/mact/mactUser', 'GET', '', ''),('0a954f9ae678497ebe4ac7d59903388a', '1', '系统登录', '8a4c7df9f62a46bd93146a0947e6d49c', '2019-07-18 10:45:24', '127.0.0.1', 'Mozilla/5.0 (Windows NT 10.0; Win64; x64) AppleWebKit/537.36 (KHTML, like Gecko) Chrome/64.0.3282.140 Safari/537.36 Edge/18.17763', '/mact_web/a', 'GET', '', ''),('a754b4c437074769a8662d2cbf66ee20', '1', '语料管理-语料管理-语料采集', '8a4c7df9f62a46bd93146a0947e6d49c', '2019-07-18 10:45:26', '127.0.0.1', 'Mozilla/5.0 (Windows NT 10.0; Win64; x64) AppleWebKit/537.36 (KHTML, like Gecko) Chrome/64.0.3282.140 Safari/537.36 Edge/18.17763', '/mact_web/a/mact/mactUser', 'GET', '', ''),('07e45b63c287415d8c208c9b4c7810ca', '1', '语料管理-语料管理-语料采集', '8a4c7df9f62a46bd93146a0947e6d49c', '2019-07-18 10:45:29', '127.0.0.1', 'Mozilla/5.0 (Windows NT 10.0; Win64; x64) AppleWebKit/537.36 (KHTML, like Gecko) Chrome/64.0.3282.140 Safari/537.36 Edge/18.17763', '/mact_web/a/mact/mactUser', 'GET', '', ''),('561b2bed37174284a6d8140f464afb63', '1', '系统登录', '1', '2019-07-22 06:33:30', '127.0.0.1', 'Mozilla/5.0 (Windows NT 10.0; Win64; x64) AppleWebKit/537.36 (KHTML, like Gecko) Chrome/64.0.3282.140 Safari/537.36 Edge/18.17763', '/mact_web/a', 'GET', 'login=', ''),('85f6b547a65b4a0385782765d1b57855', '1', '系统设置-用户管理-用户管理', '1', '2019-07-22 06:33:32', '127.0.0.1', 'Mozilla/5.0 (Windows NT 10.0; Win64; x64) AppleWebKit/537.36 (KHTML, like Gecko) Chrome/64.0.3282.140 Safari/537.36 Edge/18.17763', '/mact_web/a/sys/user/list', 'GET', '', ''),('9fee36a3554e4fe0bb7b2c00b173da19', '1', '代码生成-代码生成-业务表配置', '1', '2019-07-22 06:33:35', '127.0.0.1', 'Mozilla/5.0 (Windows NT 10.0; Win64; x64) AppleWebKit/537.36 (KHTML, like Gecko) Chrome/64.0.3282.140 Safari/537.36 Edge/18.17763', '/mact_web/a/gen/genTable', 'GET', '', ''),('10539b62195c4b6b9f8c2daa9bffee18', '1', '代码生成-代码生成-生成方案配置', '1', '2019-07-22 06:33:37', '127.0.0.1', 'Mozilla/5.0 (Windows NT 10.0; Win64; x64) AppleWebKit/537.36 (KHTML, like Gecko) Chrome/64.0.3282.140 Safari/537.36 Edge/18.17763', '/mact_web/a/gen/genScheme', 'GET', '', ''),('c102bc7140514e78a0d3cf64959726d4', '1', '代码生成-代码生成-业务表配置', '1', '2019-07-22 06:33:39', '127.0.0.1', 'Mozilla/5.0 (Windows NT 10.0; Win64; x64) AppleWebKit/537.36 (KHTML, like Gecko) Chrome/64.0.3282.140 Safari/537.36 Edge/18.17763', '/mact_web/a/gen/genTable', 'GET', '', ''),('0332f1665beb46c7a8d4fe9a29b62e40', '1', '代码生成-代码生成-生成方案配置', '1', '2019-07-22 06:37:35', '127.0.0.1', 'Mozilla/5.0 (Windows NT 10.0; Win64; x64) AppleWebKit/537.36 (KHTML, like Gecko) Chrome/64.0.3282.140 Safari/537.36 Edge/18.17763', '/mact_web/a/gen/genScheme', 'GET', '', ''),('1513cc5270b74fcba5722b48c12490bc', '1', '代码生成-代码生成-生成方案配置', '1', '2019-07-22 06:37:35', '127.0.0.1', 'Mozilla/5.0 (Windows NT 10.0; Win64; x64) AppleWebKit/537.36 (KHTML, like Gecko) Chrome/64.0.3282.140 Safari/537.36 Edge/18.17763', '/mact_web/a/gen/genScheme', 'GET', '', ''),('57b4e1b86e3f4dfd922bc8e5e43ead48', '1', '代码生成-代码生成-业务表配置', '1', '2019-07-22 06:37:38', '127.0.0.1', 'Mozilla/5.0 (Windows NT 10.0; Win64; x64) AppleWebKit/537.36 (KHTML, like Gecko) Chrome/64.0.3282.140 Safari/537.36 Edge/18.17763', '/mact_web/a/gen/genTable', 'GET', '', ''),('e20958d6c232497ca1956f0000a01100', '1', '代码生成-代码生成-生成方案配置', '1', '2019-07-22 06:37:47', '127.0.0.1', 'Mozilla/5.0 (Windows NT 10.0; Win64; x64) AppleWebKit/537.36 (KHTML, like Gecko) Chrome/64.0.3282.140 Safari/537.36 Edge/18.17763', '/mact_web/a/gen/genScheme', 'GET', '', ''),('e5080d3abeed471e80cf3eb1b385754e', '1', '代码生成-代码生成-业务表配置', '1', '2019-07-22 06:38:00', '127.0.0.1', 'Mozilla/5.0 (Windows NT 10.0; Win64; x64) AppleWebKit/537.36 (KHTML, like Gecko) Chrome/64.0.3282.140 Safari/537.36 Edge/18.17763', '/mact_web/a/gen/genTable', 'GET', '', ''),('b9dbe91e19d34e28840baeff4c59158d', '1', '代码生成-代码生成-生成方案配置', '1', '2019-07-22 06:38:03', '127.0.0.1', 'Mozilla/5.0 (Windows NT 10.0; Win64; x64) AppleWebKit/537.36 (KHTML, like Gecko) Chrome/64.0.3282.140 Safari/537.36 Edge/18.17763', '/mact_web/a/gen/genScheme', 'GET', '', ''),('5b75abc79e7e44bd9bc47a6caf5ed55d', '1', '系统设置-用户管理-用户管理', '1', '2019-07-22 06:42:07', '127.0.0.1', 'Mozilla/5.0 (Windows NT 10.0; Win64; x64) AppleWebKit/537.36 (KHTML, like Gecko) Chrome/64.0.3282.140 Safari/537.36 Edge/18.17763', '/mact_web/a/sys/user/list', 'GET', '', ''),('332c2cddc28c4489a2f814d6fa234284', '1', '系统设置-系统设置-菜单管理', '1', '2019-07-22 06:42:13', '127.0.0.1', 'Mozilla/5.0 (Windows NT 10.0; Win64; x64) AppleWebKit/537.36 (KHTML, like Gecko) Chrome/64.0.3282.140 Safari/537.36 Edge/18.17763', '/mact_web/a/sys/menu/', 'GET', '', ''),('e5873e6f18f84ca195746bd5f974798c', '1', '代码生成-代码生成-业务表配置', '1', '2019-07-22 06:42:24', '127.0.0.1', 'Mozilla/5.0 (Windows NT 10.0; Win64; x64) AppleWebKit/537.36 (KHTML, like Gecko) Chrome/64.0.3282.140 Safari/537.36 Edge/18.17763', '/mact_web/a/gen/genTable', 'GET', '', ''),('73081c9889c54334a595faf7954de5f9', '1', '系统设置-用户管理-用户管理', '1', '2019-07-22 06:42:28', '127.0.0.1', 'Mozilla/5.0 (Windows NT 10.0; Win64; x64) AppleWebKit/537.36 (KHTML, like Gecko) Chrome/64.0.3282.140 Safari/537.36 Edge/18.17763', '/mact_web/a/sys/user/list', 'GET', '', ''),('9eef7a8bb35c44fdb4fa7d89cd8dedef', '1', '系统设置-系统设置-菜单管理', '1', '2019-07-22 06:42:32', '127.0.0.1', 'Mozilla/5.0 (Windows NT 10.0; Win64; x64) AppleWebKit/537.36 (KHTML, like Gecko) Chrome/64.0.3282.140 Safari/537.36 Edge/18.17763', '/mact_web/a/sys/menu/', 'GET', '', ''),('1a23479410c348cdb4d2fa864fc6ee19', '1', '系统设置-系统设置-菜单管理-查看', '1', '2019-07-22 06:42:34', '127.0.0.1', 'Mozilla/5.0 (Windows NT 10.0; Win64; x64) AppleWebKit/537.36 (KHTML, like Gecko) Chrome/64.0.3282.140 Safari/537.36 Edge/18.17763', '/mact_web/a/sys/menu/form', 'GET', '', ''),('6520e49659394e749fdd425dc53a8ea6', '1', '系统设置-系统设置-菜单管理-修改', '1', '2019-07-22 06:43:05', '127.0.0.1', 'Mozilla/5.0 (Windows NT 10.0; Win64; x64) AppleWebKit/537.36 (KHTML, like Gecko) Chrome/64.0.3282.140 Safari/537.36 Edge/18.17763', '/mact_web/a/sys/menu/save', 'POST', 'id=&parent.id=1&parent.name=功能菜单&name=phq9&href=/mact/phq9/mactPhq9&target=&icon=&sort=5060&isShow=1&permission=&remarks=', ''),('f467ccc77a3548b381b00713bb6e46c4', '1', '系统设置-系统设置-菜单管理', '1', '2019-07-22 06:43:05', '127.0.0.1', 'Mozilla/5.0 (Windows NT 10.0; Win64; x64) AppleWebKit/537.36 (KHTML, like Gecko) Chrome/64.0.3282.140 Safari/537.36 Edge/18.17763', '/mact_web/a/sys/menu/', 'GET', '', ''),('642e31e084f447908badc96657414394', '1', '系统设置-系统设置-菜单管理-查看', '1', '2019-07-22 06:43:12', '127.0.0.1', 'Mozilla/5.0 (Windows NT 10.0; Win64; x64) AppleWebKit/537.36 (KHTML, like Gecko) Chrome/64.0.3282.140 Safari/537.36 Edge/18.17763', '/mact_web/a/sys/menu/form', 'GET', 'id=5242d7b322234f12902429f16b3ab062', ''),('ec3c4b5f312a46bc83875838240bddd7', '1', '系统设置-系统设置-菜单管理-修改', '1', '2019-07-22 06:43:21', '127.0.0.1', 'Mozilla/5.0 (Windows NT 10.0; Win64; x64) AppleWebKit/537.36 (KHTML, like Gecko) Chrome/64.0.3282.140 Safari/537.36 Edge/18.17763', '/mact_web/a/sys/menu/save', 'POST', 'id=5242d7b322234f12902429f16b3ab062&parent.id=1&parent.name=功能菜单&name=phq9管理&href=&target=&icon=&sort=5060&isShow=1&permission=&remarks=', ''),('2c7d0e69f44b461ca9b2f2a6fedb33d5', '1', '系统设置-系统设置-菜单管理', '1', '2019-07-22 06:43:21', '127.0.0.1', 'Mozilla/5.0 (Windows NT 10.0; Win64; x64) AppleWebKit/537.36 (KHTML, like Gecko) Chrome/64.0.3282.140 Safari/537.36 Edge/18.17763', '/mact_web/a/sys/menu/', 'GET', '', ''),('eec17c8d4389472598ca12599ce46027', '1', '系统登录', '1', '2019-07-22 06:43:35', '127.0.0.1', 'Mozilla/5.0 (Windows NT 10.0; Win64; x64) AppleWebKit/537.36 (KHTML, like Gecko) Chrome/64.0.3282.140 Safari/537.36 Edge/18.17763', '/mact_web/a/sys/menu/form', 'GET', 'id=5242d7b322234f12902429f16b3ab062', ''),('b964e456fbb446d1b48b511b8ee594e5', '1', '系统设置-系统设置-菜单管理-查看', '1', '2019-07-22 06:43:35', '127.0.0.1', 'Mozilla/5.0 (Windows NT 10.0; Win64; x64) AppleWebKit/537.36 (KHTML, like Gecko) Chrome/64.0.3282.140 Safari/537.36 Edge/18.17763', '/mact_web/a/sys/menu/form', 'GET', 'id=5242d7b322234f12902429f16b3ab062', ''),('33739bcfe4b748e1b1e7866e37ef18ab', '1', '系统设置-系统设置-菜单管理-修改', '1', '2019-07-22 06:43:41', '127.0.0.1', 'Mozilla/5.0 (Windows NT 10.0; Win64; x64) AppleWebKit/537.36 (KHTML, like Gecko) Chrome/64.0.3282.140 Safari/537.36 Edge/18.17763', '/mact_web/a/sys/menu/save', 'POST', 'id=5242d7b322234f12902429f16b3ab062&parent.id=691af558a1064f5d9b73e9c324ca8642&parent.name=语料管理&name=phq9管理&href=&target=&icon=&sort=5060&isShow=1&permission=&remarks=', ''),('1c4486e9e93040e995b9d565714f1eb5', '1', '系统设置-系统设置-菜单管理', '1', '2019-07-22 06:43:41', '127.0.0.1', 'Mozilla/5.0 (Windows NT 10.0; Win64; x64) AppleWebKit/537.36 (KHTML, like Gecko) Chrome/64.0.3282.140 Safari/537.36 Edge/18.17763', '/mact_web/a/sys/menu/', 'GET', '', ''),('d652419a87024e088b24839435ef20b4', '1', '系统设置-系统设置-菜单管理-查看', '1', '2019-07-22 06:43:50', '127.0.0.1', 'Mozilla/5.0 (Windows NT 10.0; Win64; x64) AppleWebKit/537.36 (KHTML, like Gecko) Chrome/64.0.3282.140 Safari/537.36 Edge/18.17763', '/mact_web/a/sys/menu/form', 'GET', 'parent.id=5242d7b322234f12902429f16b3ab062', ''),('544bfc9f44c04b81a687849772c236ef', '1', '系统设置-系统设置-菜单管理-修改', '1', '2019-07-22 06:43:55', '127.0.0.1', 'Mozilla/5.0 (Windows NT 10.0; Win64; x64) AppleWebKit/537.36 (KHTML, like Gecko) Chrome/64.0.3282.140 Safari/537.36 Edge/18.17763', '/mact_web/a/sys/menu/save', 'POST', 'id=&parent.id=5242d7b322234f12902429f16b3ab062&parent.name=phq9管理&name=/mact/phq9/mactPhq9&href=&target=&icon=&sort=30&isShow=1&permission=&remarks=', ''),('5a03cac3b76c4dd2a7865a20425d36f0', '1', '系统设置-系统设置-菜单管理', '1', '2019-07-22 06:43:55', '127.0.0.1', 'Mozilla/5.0 (Windows NT 10.0; Win64; x64) AppleWebKit/537.36 (KHTML, like Gecko) Chrome/64.0.3282.140 Safari/537.36 Edge/18.17763', '/mact_web/a/sys/menu/', 'GET', '', ''),('3de39662535a4e51b07802cb0ed715a7', '1', '系统设置-系统设置-菜单管理-查看', '1', '2019-07-22 06:44:03', '127.0.0.1', 'Mozilla/5.0 (Windows NT 10.0; Win64; x64) AppleWebKit/537.36 (KHTML, like Gecko) Chrome/64.0.3282.140 Safari/537.36 Edge/18.17763', '/mact_web/a/sys/menu/form', 'GET', 'id=650b4327ee254cf9a7e40103b65b1a52', ''),('4473a3400958408e91fe007722c214d3', '1', '系统设置-系统设置-菜单管理-修改', '1', '2019-07-22 06:44:15', '127.0.0.1', 'Mozilla/5.0 (Windows NT 10.0; Win64; x64) AppleWebKit/537.36 (KHTML, like Gecko) Chrome/64.0.3282.140 Safari/537.36 Edge/18.17763', '/mact_web/a/sys/menu/save', 'POST', 'id=650b4327ee254cf9a7e40103b65b1a52&parent.id=5242d7b322234f12902429f16b3ab062&parent.name=phq9管理&name=phq9量表&href=/mact/phq9/mactPhq9&target=&icon=&sort=30&isShow=1&permission=&remarks=', ''),('366cfae8b10e43fcba3736f09fa2a3c3', '1', '系统设置-系统设置-菜单管理', '1', '2019-07-22 06:44:15', '127.0.0.1', 'Mozilla/5.0 (Windows NT 10.0; Win64; x64) AppleWebKit/537.36 (KHTML, like Gecko) Chrome/64.0.3282.140 Safari/537.36 Edge/18.17763', '/mact_web/a/sys/menu/', 'GET', '', ''),('19f2050e4d18404d847ec7c1f5f8d7a1', '1', '系统设置-系统设置-菜单管理-查看', '1', '2019-07-22 06:44:28', '127.0.0.1', 'Mozilla/5.0 (Windows NT 10.0; Win64; x64) AppleWebKit/537.36 (KHTML, like Gecko) Chrome/64.0.3282.140 Safari/537.36 Edge/18.17763', '/mact_web/a/sys/menu/form', 'GET', 'parent.id=650b4327ee254cf9a7e40103b65b1a52', ''),('954baf05e5924d63a49a14eb6f06c8b4', '1', '系统设置-系统设置-菜单管理-修改', '1', '2019-07-22 06:44:43', '127.0.0.1', 'Mozilla/5.0 (Windows NT 10.0; Win64; x64) AppleWebKit/537.36 (KHTML, like Gecko) Chrome/64.0.3282.140 Safari/537.36 Edge/18.17763', '/mact_web/a/sys/menu/save', 'POST', 'id=&parent.id=650b4327ee254cf9a7e40103b65b1a52&parent.name=phq9量表&name=查看&href=&target=&icon=&sort=30&isShow=1&permission=mact:phq9:view&remarks=', ''),('4aa835fe50a149d282e3ddaacf750360', '1', '系统设置-系统设置-菜单管理', '1', '2019-07-22 06:44:43', '127.0.0.1', 'Mozilla/5.0 (Windows NT 10.0; Win64; x64) AppleWebKit/537.36 (KHTML, like Gecko) Chrome/64.0.3282.140 Safari/537.36 Edge/18.17763', '/mact_web/a/sys/menu/', 'GET', '', ''),('2c8d56972d0c403eaea912ad65d1c96d', '1', '系统设置-系统设置-菜单管理-查看', '1', '2019-07-22 06:44:53', '127.0.0.1', 'Mozilla/5.0 (Windows NT 10.0; Win64; x64) AppleWebKit/537.36 (KHTML, like Gecko) Chrome/64.0.3282.140 Safari/537.36 Edge/18.17763', '/mact_web/a/sys/menu/form', 'GET', 'parent.id=650b4327ee254cf9a7e40103b65b1a52', ''),('9515184b565249d29fde66d8618283fa', '1', '系统设置-系统设置-菜单管理-修改', '1', '2019-07-22 06:45:10', '127.0.0.1', 'Mozilla/5.0 (Windows NT 10.0; Win64; x64) AppleWebKit/537.36 (KHTML, like Gecko) Chrome/64.0.3282.140 Safari/537.36 Edge/18.17763', '/mact_web/a/sys/menu/save', 'POST', 'id=&parent.id=650b4327ee254cf9a7e40103b65b1a52&parent.name=phq9量表&name=修改&href=&target=&icon=&sort=60&isShow=1&permission=mact:phq9:edit&remarks=', ''),('da8753fa092e4529913e3951140f83ba', '1', '系统设置-系统设置-菜单管理', '1', '2019-07-22 06:45:10', '127.0.0.1', 'Mozilla/5.0 (Windows NT 10.0; Win64; x64) AppleWebKit/537.36 (KHTML, like Gecko) Chrome/64.0.3282.140 Safari/537.36 Edge/18.17763', '/mact_web/a/sys/menu/', 'GET', '', ''),('89eedc7ba4464a47ac2c8e813d1560ee', '1', '系统设置-系统设置-菜单管理-查看', '1', '2019-07-22 06:45:30', '127.0.0.1', 'Mozilla/5.0 (Windows NT 10.0; Win64; x64) AppleWebKit/537.36 (KHTML, like Gecko) Chrome/64.0.3282.140 Safari/537.36 Edge/18.17763', '/mact_web/a/sys/menu/form', 'GET', 'parent.id=5242d7b322234f12902429f16b3ab062', ''),('2bed6e4650d2412d8fb68985d2d13228', '1', '系统登录', '1', '2019-07-22 06:46:01', '127.0.0.1', 'Mozilla/5.0 (Windows NT 10.0; Win64; x64) AppleWebKit/537.36 (KHTML, like Gecko) Chrome/75.0.3770.142 Safari/537.36', '/mact_web/a', 'GET', 'login=', ''),('357aab25e910497c85d814b28d8d5513', '1', '系统设置-用户管理-用户管理', '1', '2019-07-22 06:46:01', '127.0.0.1', 'Mozilla/5.0 (Windows NT 10.0; Win64; x64) AppleWebKit/537.36 (KHTML, like Gecko) Chrome/75.0.3770.142 Safari/537.36', '/mact_web/a/sys/user/list', 'GET', '', ''),('53acc3bcacd64d00a16f9d81753c0b14', '1', '系统设置-系统设置-菜单管理', '1', '2019-07-22 06:46:06', '127.0.0.1', 'Mozilla/5.0 (Windows NT 10.0; Win64; x64) AppleWebKit/537.36 (KHTML, like Gecko) Chrome/75.0.3770.142 Safari/537.36', '/mact_web/a/sys/menu/', 'GET', '', ''),('057ceddd5c9a444ca8bbe98724e92740', '1', '系统设置-系统设置-菜单管理-修改', '1', '2019-07-22 06:46:13', '127.0.0.1', 'Mozilla/5.0 (Windows NT 10.0; Win64; x64) AppleWebKit/537.36 (KHTML, like Gecko) Chrome/64.0.3282.140 Safari/537.36 Edge/18.17763', '/mact_web/a/sys/menu/save', 'POST', 'id=&parent.id=5242d7b322234f12902429f16b3ab062&parent.name=phq9管理&name=用户phq9分值&href=&target=&icon=&sort=60&isShow=1&permission=&remarks=', ''),('f9befe6fbf4f4930ad4f12c1822e3993', '1', '系统设置-系统设置-菜单管理', '1', '2019-07-22 06:46:13', '127.0.0.1', 'Mozilla/5.0 (Windows NT 10.0; Win64; x64) AppleWebKit/537.36 (KHTML, like Gecko) Chrome/64.0.3282.140 Safari/537.36 Edge/18.17763', '/mact_web/a/sys/menu/', 'GET', '', ''),('d2b14ac1e5f94f96a9a46a7feeec0734', '1', '系统设置-系统设置-菜单管理-查看', '1', '2019-07-22 06:46:17', '127.0.0.1', 'Mozilla/5.0 (Windows NT 10.0; Win64; x64) AppleWebKit/537.36 (KHTML, like Gecko) Chrome/64.0.3282.140 Safari/537.36 Edge/18.17763', '/mact_web/a/sys/menu/form', 'GET', 'id=646be821614c4d23a0373f4fd4d94210', ''),('a5840385d98f4641aa7cd3432b4926c3', '1', '系统设置-系统设置-菜单管理-修改', '1', '2019-07-22 06:46:24', '127.0.0.1', 'Mozilla/5.0 (Windows NT 10.0; Win64; x64) AppleWebKit/537.36 (KHTML, like Gecko) Chrome/64.0.3282.140 Safari/537.36 Edge/18.17763', '/mact_web/a/sys/menu/save', 'POST', 'id=646be821614c4d23a0373f4fd4d94210&parent.id=5242d7b322234f12902429f16b3ab062&parent.name=phq9管理&name=用户phq9分值&href=&target=&icon=&sort=60&isShow=1&permission=&remarks=', ''),('7062893f3e554c6cabe2840f33020ce9', '1', '系统设置-系统设置-菜单管理', '1', '2019-07-22 06:46:24', '127.0.0.1', 'Mozilla/5.0 (Windows NT 10.0; Win64; x64) AppleWebKit/537.36 (KHTML, like Gecko) Chrome/64.0.3282.140 Safari/537.36 Edge/18.17763', '/mact_web/a/sys/menu/', 'GET', '', ''),('cbadcf16f933433a9ed46aca218376fc', '1', '系统设置-系统设置-菜单管理-查看', '1', '2019-07-22 06:46:31', '127.0.0.1', 'Mozilla/5.0 (Windows NT 10.0; Win64; x64) AppleWebKit/537.36 (KHTML, like Gecko) Chrome/64.0.3282.140 Safari/537.36 Edge/18.17763', '/mact_web/a/sys/menu/form', 'GET', 'id=646be821614c4d23a0373f4fd4d94210', ''),('da9c1b4d7f4f4842b08b99d7cd0b48c1', '1', '系统设置-系统设置-菜单管理-修改', '1', '2019-07-22 06:46:51', '127.0.0.1', 'Mozilla/5.0 (Windows NT 10.0; Win64; x64) AppleWebKit/537.36 (KHTML, like Gecko) Chrome/64.0.3282.140 Safari/537.36 Edge/18.17763', '/mact_web/a/sys/menu/save', 'POST', 'id=646be821614c4d23a0373f4fd4d94210&parent.id=5242d7b322234f12902429f16b3ab062&parent.name=phq9管理&name=用户phq9分值&href=/mact/phq9/mactUserPhq9&target=&icon=&sort=60&isShow=1&permission=&remarks=', ''),('3c7e689a74ae481db53b206dcf335250', '1', '系统设置-系统设置-菜单管理', '1', '2019-07-22 06:46:51', '127.0.0.1', 'Mozilla/5.0 (Windows NT 10.0; Win64; x64) AppleWebKit/537.36 (KHTML, like Gecko) Chrome/64.0.3282.140 Safari/537.36 Edge/18.17763', '/mact_web/a/sys/menu/', 'GET', '', ''),('3da1d0b93bbe4e9ca467e1ec3779eabe', '1', '系统设置-系统设置-菜单管理-查看', '1', '2019-07-22 06:46:58', '127.0.0.1', 'Mozilla/5.0 (Windows NT 10.0; Win64; x64) AppleWebKit/537.36 (KHTML, like Gecko) Chrome/64.0.3282.140 Safari/537.36 Edge/18.17763', '/mact_web/a/sys/menu/form', 'GET', 'parent.id=646be821614c4d23a0373f4fd4d94210', ''),('95a9555294064d84ae23f98718febfab', '1', '系统设置-系统设置-菜单管理-修改', '1', '2019-07-22 06:47:27', '127.0.0.1', 'Mozilla/5.0 (Windows NT 10.0; Win64; x64) AppleWebKit/537.36 (KHTML, like Gecko) Chrome/64.0.3282.140 Safari/537.36 Edge/18.17763', '/mact_web/a/sys/menu/save', 'POST', 'id=&parent.id=646be821614c4d23a0373f4fd4d94210&parent.name=用户phq9分值&name=查看&href=&target=&icon=&sort=30&isShow=1&permission=mact:userphq9:view&remarks=', ''),('3521cc10061f4c0aad417ddefe0f79da', '1', '系统设置-系统设置-菜单管理', '1', '2019-07-22 06:47:27', '127.0.0.1', 'Mozilla/5.0 (Windows NT 10.0; Win64; x64) AppleWebKit/537.36 (KHTML, like Gecko) Chrome/64.0.3282.140 Safari/537.36 Edge/18.17763', '/mact_web/a/sys/menu/', 'GET', '', ''),('ea260b54a29742edb3f7245730f35bc8', '1', '系统设置-系统设置-菜单管理-查看', '1', '2019-07-22 06:47:42', '127.0.0.1', 'Mozilla/5.0 (Windows NT 10.0; Win64; x64) AppleWebKit/537.36 (KHTML, like Gecko) Chrome/64.0.3282.140 Safari/537.36 Edge/18.17763', '/mact_web/a/sys/menu/form', 'GET', 'parent.id=646be821614c4d23a0373f4fd4d94210', ''),('d4838f96ef3b4fd3918ab4a396986787', '1', '系统设置-系统设置-菜单管理-修改', '1', '2019-07-22 06:47:57', '127.0.0.1', 'Mozilla/5.0 (Windows NT 10.0; Win64; x64) AppleWebKit/537.36 (KHTML, like Gecko) Chrome/64.0.3282.140 Safari/537.36 Edge/18.17763', '/mact_web/a/sys/menu/save', 'POST', 'id=&parent.id=646be821614c4d23a0373f4fd4d94210&parent.name=用户phq9分值&name=编辑&href=&target=&icon=&sort=60&isShow=1&permission=mact:userphq9:edit&remarks=', ''),('d3016c3c36644d87950034c03b0b8787', '1', '系统设置-系统设置-菜单管理', '1', '2019-07-22 06:47:57', '127.0.0.1', 'Mozilla/5.0 (Windows NT 10.0; Win64; x64) AppleWebKit/537.36 (KHTML, like Gecko) Chrome/64.0.3282.140 Safari/537.36 Edge/18.17763', '/mact_web/a/sys/menu/', 'GET', '', ''),('3ea4a6f1207a4c78b2e921ceea3a6df9', '1', '系统设置-系统设置-角色管理', '1', '2019-07-22 06:48:07', '127.0.0.1', 'Mozilla/5.0 (Windows NT 10.0; Win64; x64) AppleWebKit/537.36 (KHTML, like Gecko) Chrome/64.0.3282.140 Safari/537.36 Edge/18.17763', '/mact_web/a/sys/role/', 'GET', '', ''),('e348b83920f24dd195da4d7a1e4b4d60', '1', '系统设置-系统设置-角色管理-修改', '1', '2019-07-22 06:48:09', '127.0.0.1', 'Mozilla/5.0 (Windows NT 10.0; Win64; x64) AppleWebKit/537.36 (KHTML, like Gecko) Chrome/64.0.3282.140 Safari/537.36 Edge/18.17763', '/mact_web/a/sys/role/assign', 'GET', 'id=dce5ba3a2bbc40038dd7a4986966a23d', ''),('4a148fa1c62041019609468859113f46', '1', '系统设置-系统设置-角色管理', '1', '2019-07-22 06:48:11', '127.0.0.1', 'Mozilla/5.0 (Windows NT 10.0; Win64; x64) AppleWebKit/537.36 (KHTML, like Gecko) Chrome/64.0.3282.140 Safari/537.36 Edge/18.17763', '/mact_web/a/sys/role/', 'GET', '', ''),('e0500ec0374449138d2ae62fcc7f15d9', '1', '系统设置-系统设置-角色管理-查看', '1', '2019-07-22 06:48:12', '127.0.0.1', 'Mozilla/5.0 (Windows NT 10.0; Win64; x64) AppleWebKit/537.36 (KHTML, like Gecko) Chrome/64.0.3282.140 Safari/537.36 Edge/18.17763', '/mact_web/a/sys/role/form', 'GET', 'id=dce5ba3a2bbc40038dd7a4986966a23d', ''),('455434649384435a961a8568759cc8a5', '1', '系统设置-系统设置-角色管理-修改', '1', '2019-07-22 06:48:17', '127.0.0.1', 'Mozilla/5.0 (Windows NT 10.0; Win64; x64) AppleWebKit/537.36 (KHTML, like Gecko) Chrome/64.0.3282.140 Safari/537.36 Edge/18.17763', '/mact_web/a/sys/role/save', 'POST', 'id=dce5ba3a2bbc40038dd7a4986966a23d&oldName=语料管理&name=语料管理&oldEnname=radioRole&enname=radioRole&roleType=assignment&sysData=1&useable=1&menuIds=1,691af558a1064f5d9b73e9c324ca8642,76e5943ff36146ed98e7232c37f6acb5,4c1df4fe11ea42f9ab3be17687e46...&remarks=', ''),('057b70357c4240c4a6fbed30efd14a41', '1', '系统设置-系统设置-角色管理', '1', '2019-07-22 06:48:17', '127.0.0.1', 'Mozilla/5.0 (Windows NT 10.0; Win64; x64) AppleWebKit/537.36 (KHTML, like Gecko) Chrome/64.0.3282.140 Safari/537.36 Edge/18.17763', '/mact_web/a/sys/role/', 'GET', 'repage=', ''),('5edbcd9148334cb0b0dba008f4df6d7d', '1', '系统登录', '8a4c7df9f62a46bd93146a0947e6d49c', '2019-07-22 06:48:28', '127.0.0.1', 'Mozilla/5.0 (Windows NT 10.0; Win64; x64) AppleWebKit/537.36 (KHTML, like Gecko) Chrome/75.0.3770.142 Safari/537.36', '/mact_web/a', 'GET', 'login=', ''),('361eacb21dbb46dea767ccf6e5c38442', '1', '语料管理-语料管理-语料采集', '8a4c7df9f62a46bd93146a0947e6d49c', '2019-07-22 06:48:29', '127.0.0.1', 'Mozilla/5.0 (Windows NT 10.0; Win64; x64) AppleWebKit/537.36 (KHTML, like Gecko) Chrome/75.0.3770.142 Safari/537.36', '/mact_web/a/mact/mactUser', 'GET', '', ''),('0766fd58844c4c7f847f491bb8345e61', '1', '语料管理-语料管理-语料采集', '8a4c7df9f62a46bd93146a0947e6d49c', '2019-07-22 06:48:36', '127.0.0.1', 'Mozilla/5.0 (Windows NT 10.0; Win64; x64) AppleWebKit/537.36 (KHTML, like Gecko) Chrome/75.0.3770.142 Safari/537.36', '/mact_web/a/mact/mactUser', 'GET', '', ''),('117ffff835c74fd7b201742119042096', '1', '系统设置-系统设置-菜单管理', '1', '2019-07-22 06:48:50', '127.0.0.1', 'Mozilla/5.0 (Windows NT 10.0; Win64; x64) AppleWebKit/537.36 (KHTML, like Gecko) Chrome/64.0.3282.140 Safari/537.36 Edge/18.17763', '/mact_web/a/sys/menu/', 'GET', '', ''),('bdef7d1c7ddb4dfeaeea1de3f8963d89', '1', '系统设置-系统设置-角色管理', '1', '2019-07-22 06:48:56', '127.0.0.1', 'Mozilla/5.0 (Windows NT 10.0; Win64; x64) AppleWebKit/537.36 (KHTML, like Gecko) Chrome/64.0.3282.140 Safari/537.36 Edge/18.17763', '/mact_web/a/sys/role/', 'GET', '', ''),('ef2c68a347e64469ad192302ac306256', '1', '系统设置-系统设置-角色管理-查看', '1', '2019-07-22 06:48:58', '127.0.0.1', 'Mozilla/5.0 (Windows NT 10.0; Win64; x64) AppleWebKit/537.36 (KHTML, like Gecko) Chrome/64.0.3282.140 Safari/537.36 Edge/18.17763', '/mact_web/a/sys/role/form', 'GET', 'id=dce5ba3a2bbc40038dd7a4986966a23d', ''),('2e2137f0925647bbb7bba2374e7a8c4a', '1', '系统设置-系统设置-菜单管理', '1', '2019-07-22 06:49:16', '127.0.0.1', 'Mozilla/5.0 (Windows NT 10.0; Win64; x64) AppleWebKit/537.36 (KHTML, like Gecko) Chrome/64.0.3282.140 Safari/537.36 Edge/18.17763', '/mact_web/a/sys/menu/', 'GET', '', ''),('8bfa94b86f3e45a4a01fe1f8ffa54c37', '1', '系统设置-系统设置-菜单管理-查看', '1', '2019-07-22 06:49:26', '127.0.0.1', 'Mozilla/5.0 (Windows NT 10.0; Win64; x64) AppleWebKit/537.36 (KHTML, like Gecko) Chrome/64.0.3282.140 Safari/537.36 Edge/18.17763', '/mact_web/a/sys/menu/form', 'GET', 'id=650b4327ee254cf9a7e40103b65b1a52', ''),('edc9cc73e9df4030805fbdb67bff1ef9', '1', '系统设置-系统设置-菜单管理-修改', '1', '2019-07-22 06:49:43', '127.0.0.1', 'Mozilla/5.0 (Windows NT 10.0; Win64; x64) AppleWebKit/537.36 (KHTML, like Gecko) Chrome/64.0.3282.140 Safari/537.36 Edge/18.17763', '/mact_web/a/sys/menu/save', 'POST', 'id=650b4327ee254cf9a7e40103b65b1a52&parent.id=5242d7b322234f12902429f16b3ab062&parent.name=phq9管理&name=phq9量表&href=/mact/phq9/mactPhq9&target=&icon= icon-list&sort=30&isShow=1&permission=&remarks=', ''),('cb69a55eeda741558a12850507a5a02a', '1', '系统设置-系统设置-菜单管理', '1', '2019-07-22 06:49:43', '127.0.0.1', 'Mozilla/5.0 (Windows NT 10.0; Win64; x64) AppleWebKit/537.36 (KHTML, like Gecko) Chrome/64.0.3282.140 Safari/537.36 Edge/18.17763', '/mact_web/a/sys/menu/', 'GET', '', ''),('0cdba3ff740740d099b46b7875cddb8e', '1', '系统设置-系统设置-菜单管理-查看', '1', '2019-07-22 06:49:47', '127.0.0.1', 'Mozilla/5.0 (Windows NT 10.0; Win64; x64) AppleWebKit/537.36 (KHTML, like Gecko) Chrome/64.0.3282.140 Safari/537.36 Edge/18.17763', '/mact_web/a/sys/menu/form', 'GET', 'id=b21ea914cc5244a8ba948e316e521756', ''),('50ca58ffd48d4d2a9086ed2c339a649b', '1', '系统设置-系统设置-菜单管理', '1', '2019-07-22 06:49:48', '127.0.0.1', 'Mozilla/5.0 (Windows NT 10.0; Win64; x64) AppleWebKit/537.36 (KHTML, like Gecko) Chrome/64.0.3282.140 Safari/537.36 Edge/18.17763', '/mact_web/a/sys/menu/', 'GET', '', ''),('baaad8e4e77446e4bc7cf6cc1bdc24b0', '1', '系统设置-系统设置-菜单管理-查看', '1', '2019-07-22 06:49:53', '127.0.0.1', 'Mozilla/5.0 (Windows NT 10.0; Win64; x64) AppleWebKit/537.36 (KHTML, like Gecko) Chrome/64.0.3282.140 Safari/537.36 Edge/18.17763', '/mact_web/a/sys/menu/form', 'GET', 'id=ca669c4dae96466c8b68a3b522b7e7a2', ''),('8b8fd077c5d44dd68d7ef682eb9bf0d6', '1', '系统设置-系统设置-菜单管理-修改', '1', '2019-07-22 06:49:56', '127.0.0.1', 'Mozilla/5.0 (Windows NT 10.0; Win64; x64) AppleWebKit/537.36 (KHTML, like Gecko) Chrome/64.0.3282.140 Safari/537.36 Edge/18.17763', '/mact_web/a/sys/menu/save', 'POST', 'id=ca669c4dae96466c8b68a3b522b7e7a2&parent.id=650b4327ee254cf9a7e40103b65b1a52&parent.name=phq9量表&name=查看&href=&target=&icon=&sort=30&isShow=0&permission=mact:phq9:view&remarks=', ''),('dbaef78ac2f34b47a78b246fb08ff4b0', '1', '系统设置-系统设置-菜单管理', '1', '2019-07-22 06:49:56', '127.0.0.1', 'Mozilla/5.0 (Windows NT 10.0; Win64; x64) AppleWebKit/537.36 (KHTML, like Gecko) Chrome/64.0.3282.140 Safari/537.36 Edge/18.17763', '/mact_web/a/sys/menu/', 'GET', '', ''),('83761f3dd13b4d1595582b8e09b00615', '1', '系统设置-系统设置-菜单管理-查看', '1', '2019-07-22 06:50:01', '127.0.0.1', 'Mozilla/5.0 (Windows NT 10.0; Win64; x64) AppleWebKit/537.36 (KHTML, like Gecko) Chrome/64.0.3282.140 Safari/537.36 Edge/18.17763', '/mact_web/a/sys/menu/form', 'GET', 'id=9003a8975f53477e812955af6a414f6b', ''),('d511e2d7a1a54899b9e2fe203001e029', '1', '系统设置-系统设置-菜单管理-修改', '1', '2019-07-22 06:50:03', '127.0.0.1', 'Mozilla/5.0 (Windows NT 10.0; Win64; x64) AppleWebKit/537.36 (KHTML, like Gecko) Chrome/64.0.3282.140 Safari/537.36 Edge/18.17763', '/mact_web/a/sys/menu/save', 'POST', 'id=9003a8975f53477e812955af6a414f6b&parent.id=650b4327ee254cf9a7e40103b65b1a52&parent.name=phq9量表&name=修改&href=&target=&icon=&sort=60&isShow=0&permission=mact:phq9:edit&remarks=', ''),('6007e8f3cacf41acbc9057f1dfb0bc25', '1', '系统设置-系统设置-菜单管理', '1', '2019-07-22 06:50:03', '127.0.0.1', 'Mozilla/5.0 (Windows NT 10.0; Win64; x64) AppleWebKit/537.36 (KHTML, like Gecko) Chrome/64.0.3282.140 Safari/537.36 Edge/18.17763', '/mact_web/a/sys/menu/', 'GET', '', ''),('8990da1b67834345a51d19ad1ddb4e66', '1', '系统设置-系统设置-菜单管理-查看', '1', '2019-07-22 06:50:05', '127.0.0.1', 'Mozilla/5.0 (Windows NT 10.0; Win64; x64) AppleWebKit/537.36 (KHTML, like Gecko) Chrome/64.0.3282.140 Safari/537.36 Edge/18.17763', '/mact_web/a/sys/menu/form', 'GET', 'id=013c4c9fd3fd42208f5b410b3b22d2c6', ''),('0dbe658c20614de58fb28ae2b3f41f05', '1', '系统设置-系统设置-菜单管理-修改', '1', '2019-07-22 06:50:07', '127.0.0.1', 'Mozilla/5.0 (Windows NT 10.0; Win64; x64) AppleWebKit/537.36 (KHTML, like Gecko) Chrome/64.0.3282.140 Safari/537.36 Edge/18.17763', '/mact_web/a/sys/menu/save', 'POST', 'id=013c4c9fd3fd42208f5b410b3b22d2c6&parent.id=646be821614c4d23a0373f4fd4d94210&parent.name=用户phq9分值&name=查看&href=&target=&icon=&sort=30&isShow=0&permission=mact:userphq9:view&remarks=', ''),('de291e6a94314328b62a94352cb51e88', '1', '系统设置-系统设置-菜单管理', '1', '2019-07-22 06:50:07', '127.0.0.1', 'Mozilla/5.0 (Windows NT 10.0; Win64; x64) AppleWebKit/537.36 (KHTML, like Gecko) Chrome/64.0.3282.140 Safari/537.36 Edge/18.17763', '/mact_web/a/sys/menu/', 'GET', '', ''),('b0e25aa6af8d40f6b0990babdcdd32d3', '1', '系统设置-系统设置-菜单管理-查看', '1', '2019-07-22 06:50:09', '127.0.0.1', 'Mozilla/5.0 (Windows NT 10.0; Win64; x64) AppleWebKit/537.36 (KHTML, like Gecko) Chrome/64.0.3282.140 Safari/537.36 Edge/18.17763', '/mact_web/a/sys/menu/form', 'GET', 'id=52fd921d4ecf41f99bad7db8c33715aa', ''),('9da8f2cea14349d5a4bfe519288502d5', '1', '系统设置-系统设置-菜单管理-修改', '1', '2019-07-22 06:50:11', '127.0.0.1', 'Mozilla/5.0 (Windows NT 10.0; Win64; x64) AppleWebKit/537.36 (KHTML, like Gecko) Chrome/64.0.3282.140 Safari/537.36 Edge/18.17763', '/mact_web/a/sys/menu/save', 'POST', 'id=52fd921d4ecf41f99bad7db8c33715aa&parent.id=646be821614c4d23a0373f4fd4d94210&parent.name=用户phq9分值&name=编辑&href=&target=&icon=&sort=60&isShow=0&permission=mact:userphq9:edit&remarks=', ''),('10b900d67ca541f79d292ecbc5954c7a', '1', '系统设置-系统设置-菜单管理', '1', '2019-07-22 06:50:11', '127.0.0.1', 'Mozilla/5.0 (Windows NT 10.0; Win64; x64) AppleWebKit/537.36 (KHTML, like Gecko) Chrome/64.0.3282.140 Safari/537.36 Edge/18.17763', '/mact_web/a/sys/menu/', 'GET', '', ''),('ad9fb7b6b5604ec38496b529b61447ed', '1', '系统设置-系统设置-菜单管理-查看', '1', '2019-07-22 06:50:14', '127.0.0.1', 'Mozilla/5.0 (Windows NT 10.0; Win64; x64) AppleWebKit/537.36 (KHTML, like Gecko) Chrome/64.0.3282.140 Safari/537.36 Edge/18.17763', '/mact_web/a/sys/menu/form', 'GET', 'id=646be821614c4d23a0373f4fd4d94210', ''),('bc492bb912914b3ea649532035a4ac90', '1', '系统设置-系统设置-菜单管理-修改', '1', '2019-07-22 06:50:57', '127.0.0.1', 'Mozilla/5.0 (Windows NT 10.0; Win64; x64) AppleWebKit/537.36 (KHTML, like Gecko) Chrome/64.0.3282.140 Safari/537.36 Edge/18.17763', '/mact_web/a/sys/menu/save', 'POST', 'id=646be821614c4d23a0373f4fd4d94210&parent.id=5242d7b322234f12902429f16b3ab062&parent.name=phq9管理&name=用户phq9分值&href=/mact/phq9/mactUserPhq9&target=&icon= icon-gift&sort=60&isShow=1&permission=&remarks=', ''),('e8b189aa189746408b2ea07dbdc99dd5', '1', '系统设置-系统设置-菜单管理', '1', '2019-07-22 06:50:57', '127.0.0.1', 'Mozilla/5.0 (Windows NT 10.0; Win64; x64) AppleWebKit/537.36 (KHTML, like Gecko) Chrome/64.0.3282.140 Safari/537.36 Edge/18.17763', '/mact_web/a/sys/menu/', 'GET', '', ''),('59c5d844e8b1485d9923d5501c68b401', '1', '语料管理-语料管理-语料采集', '8a4c7df9f62a46bd93146a0947e6d49c', '2019-07-22 06:51:00', '127.0.0.1', 'Mozilla/5.0 (Windows NT 10.0; Win64; x64) AppleWebKit/537.36 (KHTML, like Gecko) Chrome/75.0.3770.142 Safari/537.36', '/mact_web/a/mact/mactUser', 'GET', '', ''),('882d01c453814fd98d362c6873e3e873', '1', '系统登录', '8a4c7df9f62a46bd93146a0947e6d49c', '2019-07-22 06:51:22', '127.0.0.1', 'Mozilla/5.0 (Windows NT 10.0; Win64; x64) AppleWebKit/537.36 (KHTML, like Gecko) Chrome/75.0.3770.142 Safari/537.36', '/mact_web/a', 'GET', 'login=', ''),('8c8bf3d0cbb24e65be53c2d405210e4b', '1', '语料管理-语料管理-语料采集', '8a4c7df9f62a46bd93146a0947e6d49c', '2019-07-22 06:51:22', '127.0.0.1', 'Mozilla/5.0 (Windows NT 10.0; Win64; x64) AppleWebKit/537.36 (KHTML, like Gecko) Chrome/75.0.3770.142 Safari/537.36', '/mact_web/a/mact/mactUser', 'GET', '', ''),('e10614755d044272adb4fd1beeb32222', '1', '语料管理-phq9管理-phq9量表', '8a4c7df9f62a46bd93146a0947e6d49c', '2019-07-22 06:51:24', '127.0.0.1', 'Mozilla/5.0 (Windows NT 10.0; Win64; x64) AppleWebKit/537.36 (KHTML, like Gecko) Chrome/75.0.3770.142 Safari/537.36', '/mact_web/a/mact/phq9/mactPhq9', 'GET', '', ''),('2db1bd9702a64bafad700809c6ea0109', '1', '语料管理-phq9管理-用户phq9分值', '8a4c7df9f62a46bd93146a0947e6d49c', '2019-07-22 06:51:26', '127.0.0.1', 'Mozilla/5.0 (Windows NT 10.0; Win64; x64) AppleWebKit/537.36 (KHTML, like Gecko) Chrome/75.0.3770.142 Safari/537.36', '/mact_web/a/mact/phq9/mactUserPhq9', 'GET', '', ''),('9842bc1b098a41a0bb96bbcc3e07a39b', '1', '系统登录', '1', '2019-07-22 06:52:13', '127.0.0.1', 'Mozilla/5.0 (Windows NT 10.0; Win64; x64) AppleWebKit/537.36 (KHTML, like Gecko) Chrome/64.0.3282.140 Safari/537.36 Edge/18.17763', '/mact_web/a', 'GET', '', ''),('de1e1059e2ce4d06bb961d01296d6f4e', '1', '系统设置-用户管理-用户管理', '1', '2019-07-22 06:52:15', '127.0.0.1', 'Mozilla/5.0 (Windows NT 10.0; Win64; x64) AppleWebKit/537.36 (KHTML, like Gecko) Chrome/64.0.3282.140 Safari/537.36 Edge/18.17763', '/mact_web/a/sys/user/list', 'GET', '', ''),('bc62a2ce3a2e4d2a89aa986f6071b8c7', '1', '语料管理-phq9管理-用户phq9分值', '8a4c7df9f62a46bd93146a0947e6d49c', '2019-07-22 07:02:20', '127.0.0.1', 'Mozilla/5.0 (Windows NT 10.0; Win64; x64) AppleWebKit/537.36 (KHTML, like Gecko) Chrome/75.0.3770.142 Safari/537.36', '/mact_web/a/mact/phq9/mactUserPhq9', 'GET', '', ''),('f8387b853f2542bdbdb1f7d8fc3cf06c', '1', '系统登录', '8a4c7df9f62a46bd93146a0947e6d49c', '2019-07-22 07:02:21', '127.0.0.1', 'Mozilla/5.0 (Windows NT 10.0; Win64; x64) AppleWebKit/537.36 (KHTML, like Gecko) Chrome/75.0.3770.142 Safari/537.36', '/mact_web/a/mact/phq9/mactPhq9', 'GET', '', ''),('aee7d2d21e254a6cb562625e6974fd01', '1', '语料管理-phq9管理-phq9量表', '8a4c7df9f62a46bd93146a0947e6d49c', '2019-07-22 07:02:21', '127.0.0.1', 'Mozilla/5.0 (Windows NT 10.0; Win64; x64) AppleWebKit/537.36 (KHTML, like Gecko) Chrome/75.0.3770.142 Safari/537.36', '/mact_web/a/mact/phq9/mactPhq9', 'GET', '', ''),('4c780524544e44b8842f51172fc2ec49', '1', '语料管理-phq9管理-用户phq9分值', '8a4c7df9f62a46bd93146a0947e6d49c', '2019-07-22 07:02:22', '127.0.0.1', 'Mozilla/5.0 (Windows NT 10.0; Win64; x64) AppleWebKit/537.36 (KHTML, like Gecko) Chrome/75.0.3770.142 Safari/537.36', '/mact_web/a/mact/phq9/mactUserPhq9', 'GET', '', ''),('cfd8a15e9f904dbf85ca2f275ed6272f', '1', '语料管理-phq9管理-phq9量表', '8a4c7df9f62a46bd93146a0947e6d49c', '2019-07-22 07:02:23', '127.0.0.1', 'Mozilla/5.0 (Windows NT 10.0; Win64; x64) AppleWebKit/537.36 (KHTML, like Gecko) Chrome/75.0.3770.142 Safari/537.36', '/mact_web/a/mact/phq9/mactPhq9', 'GET', '', ''),('dd13595fcd5a4b90ad229f7b5d49af76', '1', '语料管理-phq9管理-用户phq9分值', '8a4c7df9f62a46bd93146a0947e6d49c', '2019-07-22 07:02:31', '127.0.0.1', 'Mozilla/5.0 (Windows NT 10.0; Win64; x64) AppleWebKit/537.36 (KHTML, like Gecko) Chrome/75.0.3770.142 Safari/537.36', '/mact_web/a/mact/phq9/mactUserPhq9', 'GET', '', ''),('7799ce475ff84c3da0236ff394aee34b', '1', '语料管理-phq9管理-phq9量表', '8a4c7df9f62a46bd93146a0947e6d49c', '2019-07-22 07:02:32', '127.0.0.1', 'Mozilla/5.0 (Windows NT 10.0; Win64; x64) AppleWebKit/537.36 (KHTML, like Gecko) Chrome/75.0.3770.142 Safari/537.36', '/mact_web/a/mact/phq9/mactPhq9', 'GET', '', ''),('1429d12caf9846a182e9cc14aa6648c1', '1', '系统登录', '1', '2019-07-22 07:02:47', '127.0.0.1', 'Mozilla/5.0 (Windows NT 10.0; Win64; x64) AppleWebKit/537.36 (KHTML, like Gecko) Chrome/64.0.3282.140 Safari/537.36 Edge/18.17763', '/mact_web/a/sys/menu/', 'GET', '', ''),('b70a8b7389794d2c9784c35e5d88d4ef', '1', '系统设置-系统设置-菜单管理', '1', '2019-07-22 07:02:48', '127.0.0.1', 'Mozilla/5.0 (Windows NT 10.0; Win64; x64) AppleWebKit/537.36 (KHTML, like Gecko) Chrome/64.0.3282.140 Safari/537.36 Edge/18.17763', '/mact_web/a/sys/menu/', 'GET', '', ''),('6fbdea1bc9de49bcb08bce06ef135de5', '1', '系统设置-系统设置-菜单管理-查看', '1', '2019-07-22 07:02:55', '127.0.0.1', 'Mozilla/5.0 (Windows NT 10.0; Win64; x64) AppleWebKit/537.36 (KHTML, like Gecko) Chrome/64.0.3282.140 Safari/537.36 Edge/18.17763', '/mact_web/a/sys/menu/form', 'GET', 'id=650b4327ee254cf9a7e40103b65b1a52', ''),('5efd87378ee142ceae4a567a8e13c1a2', '1', '系统设置-系统设置-菜单管理', '1', '2019-07-22 07:02:57', '127.0.0.1', 'Mozilla/5.0 (Windows NT 10.0; Win64; x64) AppleWebKit/537.36 (KHTML, like Gecko) Chrome/64.0.3282.140 Safari/537.36 Edge/18.17763', '/mact_web/a/sys/menu/', 'GET', '', ''),('6715444882d3403ab53755bed79e46d7', '1', '系统设置-系统设置-菜单管理-查看', '1', '2019-07-22 07:03:00', '127.0.0.1', 'Mozilla/5.0 (Windows NT 10.0; Win64; x64) AppleWebKit/537.36 (KHTML, like Gecko) Chrome/64.0.3282.140 Safari/537.36 Edge/18.17763', '/mact_web/a/sys/menu/form', 'GET', 'id=ca669c4dae96466c8b68a3b522b7e7a2', ''),('1df0dd0883e44567b669a3060c2683e0', '1', '系统设置-系统设置-菜单管理-修改', '1', '2019-07-22 07:03:03', '127.0.0.1', 'Mozilla/5.0 (Windows NT 10.0; Win64; x64) AppleWebKit/537.36 (KHTML, like Gecko) Chrome/64.0.3282.140 Safari/537.36 Edge/18.17763', '/mact_web/a/sys/menu/save', 'POST', 'id=ca669c4dae96466c8b68a3b522b7e7a2&parent.id=650b4327ee254cf9a7e40103b65b1a52&parent.name=phq9量表&name=查看&href=&target=&icon=&sort=30&isShow=0&permission=mact:phq9:mactPhq9:view&remarks=', ''),('dd6e6259290946059d49c06e83850e29', '1', '系统设置-系统设置-菜单管理', '1', '2019-07-22 07:03:03', '127.0.0.1', 'Mozilla/5.0 (Windows NT 10.0; Win64; x64) AppleWebKit/537.36 (KHTML, like Gecko) Chrome/64.0.3282.140 Safari/537.36 Edge/18.17763', '/mact_web/a/sys/menu/', 'GET', '', ''),('f62a4c5db21349be8ce4067c22719e82', '1', '系统设置-系统设置-菜单管理-查看', '1', '2019-07-22 07:03:06', '127.0.0.1', 'Mozilla/5.0 (Windows NT 10.0; Win64; x64) AppleWebKit/537.36 (KHTML, like Gecko) Chrome/64.0.3282.140 Safari/537.36 Edge/18.17763', '/mact_web/a/sys/menu/form', 'GET', 'id=9003a8975f53477e812955af6a414f6b', ''),('7ee3e18371b14c00bcbfbd4765a1379e', '1', '系统设置-系统设置-菜单管理-修改', '1', '2019-07-22 07:03:13', '127.0.0.1', 'Mozilla/5.0 (Windows NT 10.0; Win64; x64) AppleWebKit/537.36 (KHTML, like Gecko) Chrome/64.0.3282.140 Safari/537.36 Edge/18.17763', '/mact_web/a/sys/menu/save', 'POST', 'id=9003a8975f53477e812955af6a414f6b&parent.id=650b4327ee254cf9a7e40103b65b1a52&parent.name=phq9量表&name=修改&href=&target=&icon=&sort=60&isShow=0&permission=mact:phq9:mactPhq9:edit&remarks=', ''),('8f029acadac6417c9a7a4f7dc07ffd41', '1', '系统设置-系统设置-菜单管理', '1', '2019-07-22 07:03:13', '127.0.0.1', 'Mozilla/5.0 (Windows NT 10.0; Win64; x64) AppleWebKit/537.36 (KHTML, like Gecko) Chrome/64.0.3282.140 Safari/537.36 Edge/18.17763', '/mact_web/a/sys/menu/', 'GET', '', ''),('b1b00cdab08e4c0aae63d596fa9b338d', '1', '系统设置-系统设置-菜单管理-查看', '1', '2019-07-22 07:03:17', '127.0.0.1', 'Mozilla/5.0 (Windows NT 10.0; Win64; x64) AppleWebKit/537.36 (KHTML, like Gecko) Chrome/64.0.3282.140 Safari/537.36 Edge/18.17763', '/mact_web/a/sys/menu/form', 'GET', 'id=013c4c9fd3fd42208f5b410b3b22d2c6', ''),('e05975a87644444fa5984c3f707d6321', '1', '系统设置-系统设置-菜单管理', '1', '2019-07-22 07:03:39', '127.0.0.1', 'Mozilla/5.0 (Windows NT 10.0; Win64; x64) AppleWebKit/537.36 (KHTML, like Gecko) Chrome/64.0.3282.140 Safari/537.36 Edge/18.17763', '/mact_web/a/sys/menu/', 'GET', '', ''),('b2b61db992b745b6a47a9f16175b73eb', '1', '系统设置-系统设置-菜单管理-查看', '1', '2019-07-22 07:03:42', '127.0.0.1', 'Mozilla/5.0 (Windows NT 10.0; Win64; x64) AppleWebKit/537.36 (KHTML, like Gecko) Chrome/64.0.3282.140 Safari/537.36 Edge/18.17763', '/mact_web/a/sys/menu/form', 'GET', 'id=646be821614c4d23a0373f4fd4d94210', ''),('d13cf3dff11e451b9c554b8fdec1b7e1', '1', '系统设置-系统设置-菜单管理-修改', '1', '2019-07-22 07:03:48', '127.0.0.1', 'Mozilla/5.0 (Windows NT 10.0; Win64; x64) AppleWebKit/537.36 (KHTML, like Gecko) Chrome/64.0.3282.140 Safari/537.36 Edge/18.17763', '/mact_web/a/sys/menu/save', 'POST', 'id=646be821614c4d23a0373f4fd4d94210&parent.id=5242d7b322234f12902429f16b3ab062&parent.name=phq9管理&name=用户phq9分值&href=/mact/userphq9/mactUserPhq9&target=&icon=icon-gift&sort=60&isShow=1&permission=&remarks=', ''),('03013709c043440db159ce031cea8d1d', '1', '系统设置-系统设置-菜单管理', '1', '2019-07-22 07:03:48', '127.0.0.1', 'Mozilla/5.0 (Windows NT 10.0; Win64; x64) AppleWebKit/537.36 (KHTML, like Gecko) Chrome/64.0.3282.140 Safari/537.36 Edge/18.17763', '/mact_web/a/sys/menu/', 'GET', '', ''),('f855a931cac341f5abad593c0c17401b', '1', '系统设置-系统设置-菜单管理-查看', '1', '2019-07-22 07:03:52', '127.0.0.1', 'Mozilla/5.0 (Windows NT 10.0; Win64; x64) AppleWebKit/537.36 (KHTML, like Gecko) Chrome/64.0.3282.140 Safari/537.36 Edge/18.17763', '/mact_web/a/sys/menu/form', 'GET', 'id=013c4c9fd3fd42208f5b410b3b22d2c6', ''),('14bb24e50b49449a8ed659fe578f579b', '1', '系统设置-系统设置-菜单管理-修改', '1', '2019-07-22 07:04:05', '127.0.0.1', 'Mozilla/5.0 (Windows NT 10.0; Win64; x64) AppleWebKit/537.36 (KHTML, like Gecko) Chrome/64.0.3282.140 Safari/537.36 Edge/18.17763', '/mact_web/a/sys/menu/save', 'POST', 'id=013c4c9fd3fd42208f5b410b3b22d2c6&parent.id=646be821614c4d23a0373f4fd4d94210&parent.name=用户phq9分值&name=查看&href=&target=&icon=&sort=30&isShow=0&permission=mact:userphq9:mactUserPhq9:view&remarks=', ''),('d43a47e48b9d448faf8a6975a2b00b5a', '1', '系统设置-系统设置-菜单管理', '1', '2019-07-22 07:04:06', '127.0.0.1', 'Mozilla/5.0 (Windows NT 10.0; Win64; x64) AppleWebKit/537.36 (KHTML, like Gecko) Chrome/64.0.3282.140 Safari/537.36 Edge/18.17763', '/mact_web/a/sys/menu/', 'GET', '', ''),('ea768ba8474b46dc80fcd02a8e863491', '1', '系统设置-系统设置-菜单管理-查看', '1', '2019-07-22 07:04:08', '127.0.0.1', 'Mozilla/5.0 (Windows NT 10.0; Win64; x64) AppleWebKit/537.36 (KHTML, like Gecko) Chrome/64.0.3282.140 Safari/537.36 Edge/18.17763', '/mact_web/a/sys/menu/form', 'GET', 'id=52fd921d4ecf41f99bad7db8c33715aa', ''),('a27c6a2f565e4740a18a7e45ca74db7b', '1', '系统设置-系统设置-菜单管理-修改', '1', '2019-07-22 07:04:16', '127.0.0.1', 'Mozilla/5.0 (Windows NT 10.0; Win64; x64) AppleWebKit/537.36 (KHTML, like Gecko) Chrome/64.0.3282.140 Safari/537.36 Edge/18.17763', '/mact_web/a/sys/menu/save', 'POST', 'id=52fd921d4ecf41f99bad7db8c33715aa&parent.id=646be821614c4d23a0373f4fd4d94210&parent.name=用户phq9分值&name=编辑&href=&target=&icon=&sort=60&isShow=0&permission=mact:userphq9:mactUserPhq9:edit&remarks=', ''),('6be0f43e27074a6b87559757e3073572', '1', '系统设置-系统设置-菜单管理', '1', '2019-07-22 07:04:16', '127.0.0.1', 'Mozilla/5.0 (Windows NT 10.0; Win64; x64) AppleWebKit/537.36 (KHTML, like Gecko) Chrome/64.0.3282.140 Safari/537.36 Edge/18.17763', '/mact_web/a/sys/menu/', 'GET', '', ''),('371020604a0b4523b85c897b039e3ab5', '1', '系统登录', '1', '2019-07-22 07:04:47', '127.0.0.1', 'Mozilla/5.0 (Windows NT 10.0; Win64; x64) AppleWebKit/537.36 (KHTML, like Gecko) Chrome/64.0.3282.140 Safari/537.36 Edge/18.17763', '/mact_web/a', 'GET', '', ''),('1e54706535e946b3af3dcd5b26fd8239', '1', '系统设置-用户管理-用户管理', '1', '2019-07-22 07:04:49', '127.0.0.1', 'Mozilla/5.0 (Windows NT 10.0; Win64; x64) AppleWebKit/537.36 (KHTML, like Gecko) Chrome/64.0.3282.140 Safari/537.36 Edge/18.17763', '/mact_web/a/sys/user/list', 'GET', '', ''),('84bf2794321a455c804a89d49486d574', '1', '系统登录', '8a4c7df9f62a46bd93146a0947e6d49c', '2019-07-22 07:05:05', '127.0.0.1', 'Mozilla/5.0 (Windows NT 10.0; Win64; x64) AppleWebKit/537.36 (KHTML, like Gecko) Chrome/75.0.3770.142 Safari/537.36', '/mact_web/a', 'GET', 'login=', ''),('a4c675153d504699acf35fc100067d77', '1', '语料管理-语料管理-语料采集', '8a4c7df9f62a46bd93146a0947e6d49c', '2019-07-22 07:05:05', '127.0.0.1', 'Mozilla/5.0 (Windows NT 10.0; Win64; x64) AppleWebKit/537.36 (KHTML, like Gecko) Chrome/75.0.3770.142 Safari/537.36', '/mact_web/a/mact/mactUser', 'GET', '', ''),('c8508718741446f6be437c3fea531050', '1', '语料管理-phq9管理-phq9量表', '8a4c7df9f62a46bd93146a0947e6d49c', '2019-07-22 07:05:07', '127.0.0.1', 'Mozilla/5.0 (Windows NT 10.0; Win64; x64) AppleWebKit/537.36 (KHTML, like Gecko) Chrome/75.0.3770.142 Safari/537.36', '/mact_web/a/mact/phq9/mactPhq9', 'GET', '', ''),('ff19d6e36f13405398ca8fc76d05842a', '1', '语料管理-语料管理-语料采集', '8a4c7df9f62a46bd93146a0947e6d49c', '2019-07-22 07:05:12', '127.0.0.1', 'Mozilla/5.0 (Windows NT 10.0; Win64; x64) AppleWebKit/537.36 (KHTML, like Gecko) Chrome/75.0.3770.142 Safari/537.36', '/mact_web/a/mact/mactUser', 'GET', '', ''),('9697895e7e9c4d2aa657c98e3e7975d9', '1', '语料管理-phq9管理-phq9量表', '8a4c7df9f62a46bd93146a0947e6d49c', '2019-07-22 07:05:15', '127.0.0.1', 'Mozilla/5.0 (Windows NT 10.0; Win64; x64) AppleWebKit/537.36 (KHTML, like Gecko) Chrome/75.0.3770.142 Safari/537.36', '/mact_web/a/mact/phq9/mactPhq9', 'GET', '', ''),('3acb53f97ae943239e5e14b5d04be9f2', '1', '语料管理-phq9管理-用户phq9分值', '8a4c7df9f62a46bd93146a0947e6d49c', '2019-07-22 07:05:17', '127.0.0.1', 'Mozilla/5.0 (Windows NT 10.0; Win64; x64) AppleWebKit/537.36 (KHTML, like Gecko) Chrome/75.0.3770.142 Safari/537.36', '/mact_web/a/mact/userphq9/mactUserPhq9', 'GET', '', ''),('b040a43c2cc045b4a89752d733cd207b', '1', '语料管理-phq9管理-用户phq9分值', '8a4c7df9f62a46bd93146a0947e6d49c', '2019-07-22 07:05:20', '127.0.0.1', 'Mozilla/5.0 (Windows NT 10.0; Win64; x64) AppleWebKit/537.36 (KHTML, like Gecko) Chrome/75.0.3770.142 Safari/537.36', '/mact_web/a/mact/userphq9/mactUserPhq9', 'GET', '', ''),('65e7f8db25fe4247942c63c417524069', '1', '语料管理-phq9管理-phq9量表', '8a4c7df9f62a46bd93146a0947e6d49c', '2019-07-22 07:05:21', '127.0.0.1', 'Mozilla/5.0 (Windows NT 10.0; Win64; x64) AppleWebKit/537.36 (KHTML, like Gecko) Chrome/75.0.3770.142 Safari/537.36', '/mact_web/a/mact/phq9/mactPhq9', 'GET', '', ''),('f4dd7b0e10d34ef5bd2ab11cda16c57d', '1', '语料管理-phq9管理-phq9量表', '8a4c7df9f62a46bd93146a0947e6d49c', '2019-07-22 07:10:11', '127.0.0.1', 'Mozilla/5.0 (Windows NT 10.0; Win64; x64) AppleWebKit/537.36 (KHTML, like Gecko) Chrome/75.0.3770.142 Safari/537.36', '/mact_web/a/mact/phq9/mactPhq9', 'GET', '', ''),('c2b5c28f1a7a482f91fb85de3a67959b', '1', '语料管理-语料管理-语料采集', '8a4c7df9f62a46bd93146a0947e6d49c', '2019-07-22 07:10:11', '127.0.0.1', 'Mozilla/5.0 (Windows NT 10.0; Win64; x64) AppleWebKit/537.36 (KHTML, like Gecko) Chrome/75.0.3770.142 Safari/537.36', '/mact_web/a/mact/mactUser', 'GET', '', ''),('7fa41aab70c84df7b9164336b33be5de', '1', '语料管理-phq9管理-phq9量表', '8a4c7df9f62a46bd93146a0947e6d49c', '2019-07-22 07:10:13', '127.0.0.1', 'Mozilla/5.0 (Windows NT 10.0; Win64; x64) AppleWebKit/537.36 (KHTML, like Gecko) Chrome/75.0.3770.142 Safari/537.36', '/mact_web/a/mact/phq9/mactPhq9', 'GET', '', ''),('8471764f1a4b4072bd0d12d481593c47', '1', '语料管理-phq9管理-用户phq9分值', '8a4c7df9f62a46bd93146a0947e6d49c', '2019-07-22 07:10:14', '127.0.0.1', 'Mozilla/5.0 (Windows NT 10.0; Win64; x64) AppleWebKit/537.36 (KHTML, like Gecko) Chrome/75.0.3770.142 Safari/537.36', '/mact_web/a/mact/userphq9/mactUserPhq9', 'GET', '', ''),('d4d91186972f443d919b70b2a97e8fa7', '1', '语料管理-phq9管理-用户phq9分值', '8a4c7df9f62a46bd93146a0947e6d49c', '2019-07-22 07:10:15', '127.0.0.1', 'Mozilla/5.0 (Windows NT 10.0; Win64; x64) AppleWebKit/537.36 (KHTML, like Gecko) Chrome/75.0.3770.142 Safari/537.36', '/mact_web/a/mact/userphq9/mactUserPhq9', 'GET', '', ''),('c00b171ad3d94030996e5e80e1ad3070', '1', '语料管理-phq9管理-用户phq9分值', '8a4c7df9f62a46bd93146a0947e6d49c', '2019-07-22 07:10:15', '127.0.0.1', 'Mozilla/5.0 (Windows NT 10.0; Win64; x64) AppleWebKit/537.36 (KHTML, like Gecko) Chrome/75.0.3770.142 Safari/537.36', '/mact_web/a/mact/userphq9/mactUserPhq9', 'GET', '', ''),('5ad5822c5afa484b97721e8e976bdd08', '1', '语料管理-phq9管理-用户phq9分值', '8a4c7df9f62a46bd93146a0947e6d49c', '2019-07-22 07:10:16', '127.0.0.1', 'Mozilla/5.0 (Windows NT 10.0; Win64; x64) AppleWebKit/537.36 (KHTML, like Gecko) Chrome/75.0.3770.142 Safari/537.36', '/mact_web/a/mact/userphq9/mactUserPhq9', 'GET', '', ''),('7e05c5d0a7a94dfb892b20eec9bc96a3', '1', '语料管理-phq9管理-phq9量表', '8a4c7df9f62a46bd93146a0947e6d49c', '2019-07-22 07:10:17', '127.0.0.1', 'Mozilla/5.0 (Windows NT 10.0; Win64; x64) AppleWebKit/537.36 (KHTML, like Gecko) Chrome/75.0.3770.142 Safari/537.36', '/mact_web/a/mact/phq9/mactPhq9', 'GET', '', ''),('4bf9e6262cce47f9b93f93f4749112e4', '1', '语料管理-语料管理-语料采集', '8a4c7df9f62a46bd93146a0947e6d49c', '2019-07-22 07:11:18', '127.0.0.1', 'Mozilla/5.0 (Windows NT 10.0; Win64; x64) AppleWebKit/537.36 (KHTML, like Gecko) Chrome/75.0.3770.142 Safari/537.36', '/mact_web/a/mact/mactUser', 'GET', '', ''),('bba6911f303f4c56974f452e197fe6f4', '1', '语料管理-phq9管理-phq9量表', '8a4c7df9f62a46bd93146a0947e6d49c', '2019-07-22 07:11:19', '127.0.0.1', 'Mozilla/5.0 (Windows NT 10.0; Win64; x64) AppleWebKit/537.36 (KHTML, like Gecko) Chrome/75.0.3770.142 Safari/537.36', '/mact_web/a/mact/phq9/mactPhq9', 'GET', '', ''),('4c5b1d09363a4c93b8f241b53c73ec04', '1', '语料管理-phq9管理-用户phq9分值', '8a4c7df9f62a46bd93146a0947e6d49c', '2019-07-22 07:11:23', '127.0.0.1', 'Mozilla/5.0 (Windows NT 10.0; Win64; x64) AppleWebKit/537.36 (KHTML, like Gecko) Chrome/75.0.3770.142 Safari/537.36', '/mact_web/a/mact/userphq9/mactUserPhq9', 'GET', '', ''),('50d413920fbb42338e65e25892cf0262', '1', '语料管理-phq9管理-用户phq9分值', '8a4c7df9f62a46bd93146a0947e6d49c', '2019-07-22 07:13:00', '127.0.0.1', 'Mozilla/5.0 (Windows NT 10.0; Win64; x64) AppleWebKit/537.36 (KHTML, like Gecko) Chrome/75.0.3770.142 Safari/537.36', '/mact_web/a/mact/userphq9/mactUserPhq9', 'GET', '', ''),('3ce892f3da574dc79725a760a7fdc787', '1', '语料管理-phq9管理-phq9量表', '8a4c7df9f62a46bd93146a0947e6d49c', '2019-07-22 07:13:07', '127.0.0.1', 'Mozilla/5.0 (Windows NT 10.0; Win64; x64) AppleWebKit/537.36 (KHTML, like Gecko) Chrome/75.0.3770.142 Safari/537.36', '/mact_web/a/mact/phq9/mactPhq9', 'GET', '', ''),('41ef8b8865064b17b63cee9e6b1ec4a7', '1', '语料管理-phq9管理-phq9量表-查看', '8a4c7df9f62a46bd93146a0947e6d49c', '2019-07-22 07:13:10', '127.0.0.1', 'Mozilla/5.0 (Windows NT 10.0; Win64; x64) AppleWebKit/537.36 (KHTML, like Gecko) Chrome/75.0.3770.142 Safari/537.36', '/mact_web/a/mact/phq9/mactPhq9/form', 'GET', '', ''),('76420f37f3a6456993cbeb482e1485c0', '1', '系统登录', '8a4c7df9f62a46bd93146a0947e6d49c', '2019-07-22 07:15:45', '127.0.0.1', 'Mozilla/5.0 (Windows NT 10.0; Win64; x64) AppleWebKit/537.36 (KHTML, like Gecko) Chrome/75.0.3770.142 Safari/537.36', '/mact_web/a/mact/phq9/mactPhq9', 'GET', '', ''),('35772d2f7aba48e0afe013898b7a1650', '1', '语料管理-phq9管理-phq9量表', '8a4c7df9f62a46bd93146a0947e6d49c', '2019-07-22 07:15:45', '127.0.0.1', 'Mozilla/5.0 (Windows NT 10.0; Win64; x64) AppleWebKit/537.36 (KHTML, like Gecko) Chrome/75.0.3770.142 Safari/537.36', '/mact_web/a/mact/phq9/mactPhq9', 'GET', '', ''),('1b760fa858274ba6aa59f8f6ae474219', '1', '语料管理-phq9管理-phq9量表-查看', '8a4c7df9f62a46bd93146a0947e6d49c', '2019-07-22 07:15:46', '127.0.0.1', 'Mozilla/5.0 (Windows NT 10.0; Win64; x64) AppleWebKit/537.36 (KHTML, like Gecko) Chrome/75.0.3770.142 Safari/537.36', '/mact_web/a/mact/phq9/mactPhq9/form', 'GET', '', ''),('d013a49d098c433cb29dabedb83e58e7', '1', '语料管理-phq9管理-用户phq9分值', '8a4c7df9f62a46bd93146a0947e6d49c', '2019-07-22 07:15:49', '127.0.0.1', 'Mozilla/5.0 (Windows NT 10.0; Win64; x64) AppleWebKit/537.36 (KHTML, like Gecko) Chrome/75.0.3770.142 Safari/537.36', '/mact_web/a/mact/userphq9/mactUserPhq9', 'GET', '', ''),('43a668bef7be4076884cd4ccc9f1052c', '1', '语料管理-phq9管理-用户phq9分值-查看', '8a4c7df9f62a46bd93146a0947e6d49c', '2019-07-22 07:15:50', '127.0.0.1', 'Mozilla/5.0 (Windows NT 10.0; Win64; x64) AppleWebKit/537.36 (KHTML, like Gecko) Chrome/75.0.3770.142 Safari/537.36', '/mact_web/a/mact/userphq9/mactUserPhq9/form', 'GET', '', ''),('0b3282f6458440f785bd126a9a79f3e0', '1', '语料管理-phq9管理-用户phq9分值', '8a4c7df9f62a46bd93146a0947e6d49c', '2019-07-22 07:17:52', '127.0.0.1', 'Mozilla/5.0 (Windows NT 10.0; Win64; x64) AppleWebKit/537.36 (KHTML, like Gecko) Chrome/75.0.3770.142 Safari/537.36', '/mact_web/a/mact/userphq9/mactUserPhq9', 'GET', '', ''),('7f4ff62cd59e471b838a6cbbddbc5209', '1', '语料管理-phq9管理-用户phq9分值-查看', '8a4c7df9f62a46bd93146a0947e6d49c', '2019-07-22 07:17:53', '127.0.0.1', 'Mozilla/5.0 (Windows NT 10.0; Win64; x64) AppleWebKit/537.36 (KHTML, like Gecko) Chrome/75.0.3770.142 Safari/537.36', '/mact_web/a/mact/userphq9/mactUserPhq9/form', 'GET', '', ''),('0b1ff8a625984c5ca87e2fbe1d5accff', '1', '语料管理-phq9管理-phq9量表', '8a4c7df9f62a46bd93146a0947e6d49c', '2019-07-22 07:17:55', '127.0.0.1', 'Mozilla/5.0 (Windows NT 10.0; Win64; x64) AppleWebKit/537.36 (KHTML, like Gecko) Chrome/75.0.3770.142 Safari/537.36', '/mact_web/a/mact/phq9/mactPhq9', 'GET', '', ''),('5d143ef9c3c14064911627ce959a804d', '1', '语料管理-phq9管理-phq9量表', '8a4c7df9f62a46bd93146a0947e6d49c', '2019-07-22 07:18:20', '127.0.0.1', 'Mozilla/5.0 (Windows NT 10.0; Win64; x64) AppleWebKit/537.36 (KHTML, like Gecko) Chrome/75.0.3770.142 Safari/537.36', '/mact_web/a/mact/phq9/mactPhq9', 'GET', '', ''),('2690f6eb1c304a8d932124f6a4604b56', '1', '语料管理-phq9管理-phq9量表-查看', '8a4c7df9f62a46bd93146a0947e6d49c', '2019-07-22 07:18:20', '127.0.0.1', 'Mozilla/5.0 (Windows NT 10.0; Win64; x64) AppleWebKit/537.36 (KHTML, like Gecko) Chrome/75.0.3770.142 Safari/537.36', '/mact_web/a/mact/phq9/mactPhq9/form', 'GET', '', ''),('fe4789ba66d9402ba983d9b8d1abf425', '1', '语料管理-phq9管理-phq9量表-修改', '8a4c7df9f62a46bd93146a0947e6d49c', '2019-07-22 07:18:35', '127.0.0.1', 'Mozilla/5.0 (Windows NT 10.0; Win64; x64) AppleWebKit/537.36 (KHTML, like Gecko) Chrome/75.0.3770.142 Safari/537.36', '/mact_web/a/mact/phq9/mactPhq9/save', 'POST', 'id=&project=做事时提不起劲或没有兴趣&sort=1&none=0&days=1&usual=2&often=3&remarks=', ''),('27a5030e2745474db3c39b33e924828d', '1', '语料管理-phq9管理-phq9量表-查看', '8a4c7df9f62a46bd93146a0947e6d49c', '2019-07-22 07:18:35', '127.0.0.1', 'Mozilla/5.0 (Windows NT 10.0; Win64; x64) AppleWebKit/537.36 (KHTML, like Gecko) Chrome/75.0.3770.142 Safari/537.36', '/mact_web/a/mact/phq9/mactPhq9/', 'GET', 'repage=', ''),('2dfd825ea5474e538b344e674b09942e', '1', '语料管理-phq9管理-phq9量表', '8a4c7df9f62a46bd93146a0947e6d49c', '2019-07-22 07:19:15', '127.0.0.1', 'Mozilla/5.0 (Windows NT 10.0; Win64; x64) AppleWebKit/537.36 (KHTML, like Gecko) Chrome/75.0.3770.142 Safari/537.36', '/mact_web/a/mact/phq9/mactPhq9', 'GET', '', ''),('34cdc47218a04180b158efb14676b5d3', '1', '语料管理-phq9管理-phq9量表', '8a4c7df9f62a46bd93146a0947e6d49c', '2019-07-22 07:19:59', '127.0.0.1', 'Mozilla/5.0 (Windows NT 10.0; Win64; x64) AppleWebKit/537.36 (KHTML, like Gecko) Chrome/75.0.3770.142 Safari/537.36', '/mact_web/a/mact/phq9/mactPhq9', 'GET', '', ''),('8daa614ad0574844b1f3835dc87f388e', '1', '语料管理-phq9管理-phq9量表', '8a4c7df9f62a46bd93146a0947e6d49c', '2019-07-22 07:20:27', '127.0.0.1', 'Mozilla/5.0 (Windows NT 10.0; Win64; x64) AppleWebKit/537.36 (KHTML, like Gecko) Chrome/75.0.3770.142 Safari/537.36', '/mact_web/a/mact/phq9/mactPhq9', 'GET', '', ''),('de26f0ef61f84968ba2432fe8f1683b5', '1', '语料管理-phq9管理-phq9量表', '8a4c7df9f62a46bd93146a0947e6d49c', '2019-07-22 07:20:29', '127.0.0.1', 'Mozilla/5.0 (Windows NT 10.0; Win64; x64) AppleWebKit/537.36 (KHTML, like Gecko) Chrome/75.0.3770.142 Safari/537.36', '/mact_web/a/mact/phq9/mactPhq9', 'GET', '', ''),('61679be7a9974f9ca7953ca1b7a48cad', '1', '语料管理-phq9管理-phq9量表', '8a4c7df9f62a46bd93146a0947e6d49c', '2019-07-22 07:20:47', '127.0.0.1', 'Mozilla/5.0 (Windows NT 10.0; Win64; x64) AppleWebKit/537.36 (KHTML, like Gecko) Chrome/75.0.3770.142 Safari/537.36', '/mact_web/a/mact/phq9/mactPhq9', 'GET', '', ''),('538beb703cdd41e98b3ea73d425e6365', '1', '语料管理-phq9管理-phq9量表', '8a4c7df9f62a46bd93146a0947e6d49c', '2019-07-22 07:20:48', '127.0.0.1', 'Mozilla/5.0 (Windows NT 10.0; Win64; x64) AppleWebKit/537.36 (KHTML, like Gecko) Chrome/75.0.3770.142 Safari/537.36', '/mact_web/a/mact/phq9/mactPhq9', 'GET', '', ''),('51718777168c463c8c261bfddb759fb7', '1', '语料管理-phq9管理-phq9量表-查看', '8a4c7df9f62a46bd93146a0947e6d49c', '2019-07-22 07:20:57', '127.0.0.1', 'Mozilla/5.0 (Windows NT 10.0; Win64; x64) AppleWebKit/537.36 (KHTML, like Gecko) Chrome/75.0.3770.142 Safari/537.36', '/mact_web/a/mact/phq9/mactPhq9/form', 'GET', '', ''),('f72e8a2ea9994866ae6760269b3827cf', '1', '语料管理-phq9管理-phq9量表-修改', '8a4c7df9f62a46bd93146a0947e6d49c', '2019-07-22 07:21:16', '127.0.0.1', 'Mozilla/5.0 (Windows NT 10.0; Win64; x64) AppleWebKit/537.36 (KHTML, like Gecko) Chrome/75.0.3770.142 Safari/537.36', '/mact_web/a/mact/phq9/mactPhq9/save', 'POST', 'id=&project=感到心情低落, 沮丧或绝望&sort=2&none=0&days=1&usual=2&often=3&remarks=', ''),('ebe79a7e82ed44e499e918c7484e4ca4', '1', '语料管理-phq9管理-phq9量表-查看', '8a4c7df9f62a46bd93146a0947e6d49c', '2019-07-22 07:21:16', '127.0.0.1', 'Mozilla/5.0 (Windows NT 10.0; Win64; x64) AppleWebKit/537.36 (KHTML, like Gecko) Chrome/75.0.3770.142 Safari/537.36', '/mact_web/a/mact/phq9/mactPhq9/', 'GET', 'repage=', ''),('d4084fcc7200441c9b7e04db262b7ec5', '1', '语料管理-phq9管理-phq9量表-查看', '8a4c7df9f62a46bd93146a0947e6d49c', '2019-07-22 07:21:28', '127.0.0.1', 'Mozilla/5.0 (Windows NT 10.0; Win64; x64) AppleWebKit/537.36 (KHTML, like Gecko) Chrome/75.0.3770.142 Safari/537.36', '/mact_web/a/mact/phq9/mactPhq9/form', 'GET', '', ''),('e349e84b48d04cb69ae8b031b40f7a59', '1', '语料管理-phq9管理-phq9量表-修改', '8a4c7df9f62a46bd93146a0947e6d49c', '2019-07-22 07:21:44', '127.0.0.1', 'Mozilla/5.0 (Windows NT 10.0; Win64; x64) AppleWebKit/537.36 (KHTML, like Gecko) Chrome/75.0.3770.142 Safari/537.36', '/mact_web/a/mact/phq9/mactPhq9/save', 'POST', 'id=&project=入睡困难、睡不安或睡得过多&sort=3&none=0&days=1&usual=2&often=3&remarks=', ''),('a4368574a01f40b7af55179177d52321', '1', '语料管理-phq9管理-phq9量表-查看', '8a4c7df9f62a46bd93146a0947e6d49c', '2019-07-22 07:21:44', '127.0.0.1', 'Mozilla/5.0 (Windows NT 10.0; Win64; x64) AppleWebKit/537.36 (KHTML, like Gecko) Chrome/75.0.3770.142 Safari/537.36', '/mact_web/a/mact/phq9/mactPhq9/', 'GET', 'repage=', ''),('74d1ddfaccc44f54a136b6d278bcca08', '1', '语料管理-phq9管理-phq9量表-查看', '8a4c7df9f62a46bd93146a0947e6d49c', '2019-07-22 07:21:46', '127.0.0.1', 'Mozilla/5.0 (Windows NT 10.0; Win64; x64) AppleWebKit/537.36 (KHTML, like Gecko) Chrome/75.0.3770.142 Safari/537.36', '/mact_web/a/mact/phq9/mactPhq9/form', 'GET', '', ''),('8c9b66f314ce46ceb5611518bed97df4', '1', '语料管理-phq9管理-phq9量表-修改', '8a4c7df9f62a46bd93146a0947e6d49c', '2019-07-22 07:22:00', '127.0.0.1', 'Mozilla/5.0 (Windows NT 10.0; Win64; x64) AppleWebKit/537.36 (KHTML, like Gecko) Chrome/75.0.3770.142 Safari/537.36', '/mact_web/a/mact/phq9/mactPhq9/save', 'POST', 'id=&project=感觉疲倦或没有力气&sort=4&none=0&days=1&usual=2&often=3&remarks=', ''),('40f9066b8e524d169887e4ef34fbafec', '1', '语料管理-phq9管理-phq9量表-查看', '8a4c7df9f62a46bd93146a0947e6d49c', '2019-07-22 07:22:00', '127.0.0.1', 'Mozilla/5.0 (Windows NT 10.0; Win64; x64) AppleWebKit/537.36 (KHTML, like Gecko) Chrome/75.0.3770.142 Safari/537.36', '/mact_web/a/mact/phq9/mactPhq9/', 'GET', 'repage=', ''),('6213725303f84de9a5e139968f2bd1f2', '1', '语料管理-phq9管理-phq9量表-查看', '8a4c7df9f62a46bd93146a0947e6d49c', '2019-07-22 07:22:06', '127.0.0.1', 'Mozilla/5.0 (Windows NT 10.0; Win64; x64) AppleWebKit/537.36 (KHTML, like Gecko) Chrome/75.0.3770.142 Safari/537.36', '/mact_web/a/mact/phq9/mactPhq9/form', 'GET', '', ''),('833f539d3ba940c193e1a082a036fc50', '1', '语料管理-phq9管理-phq9量表-修改', '8a4c7df9f62a46bd93146a0947e6d49c', '2019-07-22 07:22:16', '127.0.0.1', 'Mozilla/5.0 (Windows NT 10.0; Win64; x64) AppleWebKit/537.36 (KHTML, like Gecko) Chrome/75.0.3770.142 Safari/537.36', '/mact_web/a/mact/phq9/mactPhq9/save', 'POST', 'id=&project=食欲不振或吃太多&sort=5&none=0&days=1&usual=2&often=3&remarks=', ''),('f4e0ab28e00943dfaccf3cd91782109d', '1', '语料管理-phq9管理-phq9量表-查看', '8a4c7df9f62a46bd93146a0947e6d49c', '2019-07-22 07:22:16', '127.0.0.1', 'Mozilla/5.0 (Windows NT 10.0; Win64; x64) AppleWebKit/537.36 (KHTML, like Gecko) Chrome/75.0.3770.142 Safari/537.36', '/mact_web/a/mact/phq9/mactPhq9/', 'GET', 'repage=', ''),('1d858c1b95ed4662a95f3cd781b1f221', '1', '语料管理-phq9管理-phq9量表-查看', '8a4c7df9f62a46bd93146a0947e6d49c', '2019-07-22 07:22:17', '127.0.0.1', 'Mozilla/5.0 (Windows NT 10.0; Win64; x64) AppleWebKit/537.36 (KHTML, like Gecko) Chrome/75.0.3770.142 Safari/537.36', '/mact_web/a/mact/phq9/mactPhq9/form', 'GET', '', ''),('9764caefeabe46ec9acdf68cee921a5d', '1', '语料管理-phq9管理-phq9量表-修改', '8a4c7df9f62a46bd93146a0947e6d49c', '2019-07-22 07:22:35', '127.0.0.1', 'Mozilla/5.0 (Windows NT 10.0; Win64; x64) AppleWebKit/537.36 (KHTML, like Gecko) Chrome/75.0.3770.142 Safari/537.36', '/mact_web/a/mact/phq9/mactPhq9/save', 'POST', 'id=&project=认为自己很糟或觉得自己很失败，或让自己、家人失望&sort=6&none=0&days=1&usual=2&often=3&remarks=', ''),('64b9873fe16a41e7b2cfcf5fa40b676a', '1', '语料管理-phq9管理-phq9量表-查看', '8a4c7df9f62a46bd93146a0947e6d49c', '2019-07-22 07:22:35', '127.0.0.1', 'Mozilla/5.0 (Windows NT 10.0; Win64; x64) AppleWebKit/537.36 (KHTML, like Gecko) Chrome/75.0.3770.142 Safari/537.36', '/mact_web/a/mact/phq9/mactPhq9/', 'GET', 'repage=', ''),('5241281182604333b6dbca3f29c0868c', '1', '语料管理-phq9管理-phq9量表-查看', '8a4c7df9f62a46bd93146a0947e6d49c', '2019-07-22 07:22:45', '127.0.0.1', 'Mozilla/5.0 (Windows NT 10.0; Win64; x64) AppleWebKit/537.36 (KHTML, like Gecko) Chrome/75.0.3770.142 Safari/537.36', '/mact_web/a/mact/phq9/mactPhq9/form', 'GET', '', ''),('2d25f939f15e41719d4cc4969ccad0bf', '1', '语料管理-phq9管理-phq9量表-修改', '8a4c7df9f62a46bd93146a0947e6d49c', '2019-07-22 07:22:53', '127.0.0.1', 'Mozilla/5.0 (Windows NT 10.0; Win64; x64) AppleWebKit/537.36 (KHTML, like Gecko) Chrome/75.0.3770.142 Safari/537.36', '/mact_web/a/mact/phq9/mactPhq9/save', 'POST', 'id=&project=注意力难以集中，例如看报纸或看电视时&sort=7&none=0&days=1&usual=2&often=3&remarks=', ''),('6e853f6e0fac45568bf4d8d351a9959d', '1', '语料管理-phq9管理-phq9量表-查看', '8a4c7df9f62a46bd93146a0947e6d49c', '2019-07-22 07:22:53', '127.0.0.1', 'Mozilla/5.0 (Windows NT 10.0; Win64; x64) AppleWebKit/537.36 (KHTML, like Gecko) Chrome/75.0.3770.142 Safari/537.36', '/mact_web/a/mact/phq9/mactPhq9/', 'GET', 'repage=', ''),('8d73f361ab394461ba9811285f098712', '1', '语料管理-phq9管理-phq9量表-查看', '8a4c7df9f62a46bd93146a0947e6d49c', '2019-07-22 07:22:54', '127.0.0.1', 'Mozilla/5.0 (Windows NT 10.0; Win64; x64) AppleWebKit/537.36 (KHTML, like Gecko) Chrome/75.0.3770.142 Safari/537.36', '/mact_web/a/mact/phq9/mactPhq9/form', 'GET', '', ''),('7d404d38122d4fd298433f669e30e31d', '1', '语料管理-phq9管理-phq9量表-修改', '8a4c7df9f62a46bd93146a0947e6d49c', '2019-07-22 07:23:09', '127.0.0.1', 'Mozilla/5.0 (Windows NT 10.0; Win64; x64) AppleWebKit/537.36 (KHTML, like Gecko) Chrome/75.0.3770.142 Safari/537.36', '/mact_web/a/mact/phq9/mactPhq9/save', 'POST', 'id=&project=说话或行动缓慢到别人能够注意到，或精力过剩，感到坐立不安或烦躁&sort=8&none=0&days=1&usual=2&often=3&remarks=', ''),('b50e82c1788f486183daf6d0334d5566', '1', '语料管理-phq9管理-phq9量表-查看', '8a4c7df9f62a46bd93146a0947e6d49c', '2019-07-22 07:23:09', '127.0.0.1', 'Mozilla/5.0 (Windows NT 10.0; Win64; x64) AppleWebKit/537.36 (KHTML, like Gecko) Chrome/75.0.3770.142 Safari/537.36', '/mact_web/a/mact/phq9/mactPhq9/', 'GET', 'repage=', ''),('f7bb709b773e442f99144aa382c22f3b', '1', '语料管理-phq9管理-phq9量表-查看', '8a4c7df9f62a46bd93146a0947e6d49c', '2019-07-22 07:23:10', '127.0.0.1', 'Mozilla/5.0 (Windows NT 10.0; Win64; x64) AppleWebKit/537.36 (KHTML, like Gecko) Chrome/75.0.3770.142 Safari/537.36', '/mact_web/a/mact/phq9/mactPhq9/form', 'GET', '', ''),('20576ebea7c74b9db3c1aa05b52fa6b9', '1', '语料管理-phq9管理-phq9量表-修改', '8a4c7df9f62a46bd93146a0947e6d49c', '2019-07-22 07:23:26', '127.0.0.1', 'Mozilla/5.0 (Windows NT 10.0; Win64; x64) AppleWebKit/537.36 (KHTML, like Gecko) Chrome/75.0.3770.142 Safari/537.36', '/mact_web/a/mact/phq9/mactPhq9/save', 'POST', 'id=&project=觉得还不如死了算了或想采取某些手段进行自我伤害&sort=9&none=0&days=1&usual=2&often=3&remarks=', ''),('04053318602c488380030b59273229f8', '1', '语料管理-phq9管理-phq9量表-查看', '8a4c7df9f62a46bd93146a0947e6d49c', '2019-07-22 07:23:26', '127.0.0.1', 'Mozilla/5.0 (Windows NT 10.0; Win64; x64) AppleWebKit/537.36 (KHTML, like Gecko) Chrome/75.0.3770.142 Safari/537.36', '/mact_web/a/mact/phq9/mactPhq9/', 'GET', 'repage=', ''),('884d5c8ec8a94d95a7f0d4115f451097', '1', '语料管理-phq9管理-phq9量表', '8a4c7df9f62a46bd93146a0947e6d49c', '2019-07-22 07:23:29', '127.0.0.1', 'Mozilla/5.0 (Windows NT 10.0; Win64; x64) AppleWebKit/537.36 (KHTML, like Gecko) Chrome/75.0.3770.142 Safari/537.36', '/mact_web/a/mact/phq9/mactPhq9', 'GET', '', ''),('4573df2e9634495db448746aad6b3c9f', '1', '系统登录', '1', '2019-07-22 07:26:23', '127.0.0.1', 'Mozilla/5.0 (Windows NT 10.0; Win64; x64) AppleWebKit/537.36 (KHTML, like Gecko) Chrome/64.0.3282.140 Safari/537.36 Edge/18.17763', '/mact_web/a/sys/menu/', 'GET', '', ''),('c460f9c426934900aa9ad848d6a5aec2', '1', '系统设置-系统设置-菜单管理', '1', '2019-07-22 07:26:23', '127.0.0.1', 'Mozilla/5.0 (Windows NT 10.0; Win64; x64) AppleWebKit/537.36 (KHTML, like Gecko) Chrome/64.0.3282.140 Safari/537.36 Edge/18.17763', '/mact_web/a/sys/menu/', 'GET', '', ''),('7f329741ebfc43c99840ec12571620fb', '1', '系统设置-系统设置-菜单管理-查看', '1', '2019-07-22 07:26:26', '127.0.0.1', 'Mozilla/5.0 (Windows NT 10.0; Win64; x64) AppleWebKit/537.36 (KHTML, like Gecko) Chrome/64.0.3282.140 Safari/537.36 Edge/18.17763', '/mact_web/a/sys/menu/form', 'GET', 'id=5242d7b322234f12902429f16b3ab062', ''),('2053984ad9704816bb46f86ace5f63d0', '1', '系统设置-系统设置-菜单管理-修改', '1', '2019-07-22 07:26:35', '127.0.0.1', 'Mozilla/5.0 (Windows NT 10.0; Win64; x64) AppleWebKit/537.36 (KHTML, like Gecko) Chrome/64.0.3282.140 Safari/537.36 Edge/18.17763', '/mact_web/a/sys/menu/save', 'POST', 'id=5242d7b322234f12902429f16b3ab062&parent.id=691af558a1064f5d9b73e9c324ca8642&parent.name=语料管理&name=量表管理&href=&target=&icon=&sort=5060&isShow=1&permission=&remarks=', ''),('347cffa0227f4bcf8e7c9fe555a9732a', '1', '系统设置-系统设置-菜单管理', '1', '2019-07-22 07:26:35', '127.0.0.1', 'Mozilla/5.0 (Windows NT 10.0; Win64; x64) AppleWebKit/537.36 (KHTML, like Gecko) Chrome/64.0.3282.140 Safari/537.36 Edge/18.17763', '/mact_web/a/sys/menu/', 'GET', '', ''),('df61619e3d184941bc7daf7a01c9e99b', '1', '系统登录', '8a4c7df9f62a46bd93146a0947e6d49c', '2019-07-22 07:26:38', '127.0.0.1', 'Mozilla/5.0 (Windows NT 10.0; Win64; x64) AppleWebKit/537.36 (KHTML, like Gecko) Chrome/75.0.3770.142 Safari/537.36', '/mact_web/a', 'GET', 'login=', ''),('b9f3a3d3056e4250b79bab311b60c937', '1', '语料管理-语料管理-语料采集', '8a4c7df9f62a46bd93146a0947e6d49c', '2019-07-22 07:26:38', '127.0.0.1', 'Mozilla/5.0 (Windows NT 10.0; Win64; x64) AppleWebKit/537.36 (KHTML, like Gecko) Chrome/75.0.3770.142 Safari/537.36', '/mact_web/a/mact/mactUser', 'GET', '', ''),('b05050eeef3547779ec89e68aa701cd5', '1', '系统登录', '8a4c7df9f62a46bd93146a0947e6d49c', '2019-07-22 07:26:47', '127.0.0.1', 'Mozilla/5.0 (Windows NT 10.0; Win64; x64) AppleWebKit/537.36 (KHTML, like Gecko) Chrome/75.0.3770.142 Safari/537.36', '/mact_web/a', 'GET', 'login=', ''),('fb288aa1a6574158b9501e6b3292ac2b', '1', '语料管理-语料管理-语料采集', '8a4c7df9f62a46bd93146a0947e6d49c', '2019-07-22 07:26:47', '127.0.0.1', 'Mozilla/5.0 (Windows NT 10.0; Win64; x64) AppleWebKit/537.36 (KHTML, like Gecko) Chrome/75.0.3770.142 Safari/537.36', '/mact_web/a/mact/mactUser', 'GET', '', ''),('d6950ad9e0544f3a9bc7af69795b24c7', '1', '语料管理-量表管理-phq9量表', '8a4c7df9f62a46bd93146a0947e6d49c', '2019-07-22 07:26:52', '127.0.0.1', 'Mozilla/5.0 (Windows NT 10.0; Win64; x64) AppleWebKit/537.36 (KHTML, like Gecko) Chrome/75.0.3770.142 Safari/537.36', '/mact_web/a/mact/phq9/mactPhq9', 'GET', '', ''),('3570b5f902c440c9a1f0319c3c69aec7', '1', '语料管理-量表管理-phq9量表-查看', '8a4c7df9f62a46bd93146a0947e6d49c', '2019-07-22 07:27:20', '127.0.0.1', 'Mozilla/5.0 (Windows NT 10.0; Win64; x64) AppleWebKit/537.36 (KHTML, like Gecko) Chrome/75.0.3770.142 Safari/537.36', '/mact_web/a/mact/phq9/mactPhq9/form', 'GET', 'id=3f0b2072889042b791046bc5ab21f5e3', ''),('88f64a7160354fc7a84de7a8852a3701', '1', '系统登录', '1', '2019-07-22 08:21:52', '127.0.0.1', 'Mozilla/5.0 (Windows NT 10.0; Win64; x64) AppleWebKit/537.36 (KHTML, like Gecko) Chrome/64.0.3282.140 Safari/537.36 Edge/18.17763', '/mact_web/a', 'GET', 'login=', ''),('f0e082e21dba435884526660b80ef118', '1', '系统设置-用户管理-用户管理', '1', '2019-07-22 08:21:54', '127.0.0.1', 'Mozilla/5.0 (Windows NT 10.0; Win64; x64) AppleWebKit/537.36 (KHTML, like Gecko) Chrome/64.0.3282.140 Safari/537.36 Edge/18.17763', '/mact_web/a/sys/user/list', 'GET', '', ''),('46eb97c653594827b4046ea1e873eed7', '1', '系统设置-系统设置-菜单管理', '1', '2019-07-22 08:21:57', '127.0.0.1', 'Mozilla/5.0 (Windows NT 10.0; Win64; x64) AppleWebKit/537.36 (KHTML, like Gecko) Chrome/64.0.3282.140 Safari/537.36 Edge/18.17763', '/mact_web/a/sys/menu/', 'GET', '', ''),('4e83e6c2e37d46188f701999d5f54f47', '1', '系统设置-系统设置-菜单管理-查看', '1', '2019-07-22 08:22:04', '127.0.0.1', 'Mozilla/5.0 (Windows NT 10.0; Win64; x64) AppleWebKit/537.36 (KHTML, like Gecko) Chrome/64.0.3282.140 Safari/537.36 Edge/18.17763', '/mact_web/a/sys/menu/form', 'GET', 'id=013c4c9fd3fd42208f5b410b3b22d2c6', ''),('dbf7917e0a4b40bb84cda98503e2b7e8', '1', '系统设置-系统设置-菜单管理-修改', '1', '2019-07-22 08:22:16', '127.0.0.1', 'Mozilla/5.0 (Windows NT 10.0; Win64; x64) AppleWebKit/537.36 (KHTML, like Gecko) Chrome/64.0.3282.140 Safari/537.36 Edge/18.17763', '/mact_web/a/sys/menu/save', 'POST', 'id=013c4c9fd3fd42208f5b410b3b22d2c6&parent.id=646be821614c4d23a0373f4fd4d94210&parent.name=用户phq9分值&name=查看&href=&target=&icon=&sort=30&isShow=0&permission=mact:userphq9:mactUserPhq9:view&remarks=', ''),('22ad001ae3dc402d8a5df8cb91ccbedd', '1', '系统设置-系统设置-菜单管理', '1', '2019-07-22 08:22:16', '127.0.0.1', 'Mozilla/5.0 (Windows NT 10.0; Win64; x64) AppleWebKit/537.36 (KHTML, like Gecko) Chrome/64.0.3282.140 Safari/537.36 Edge/18.17763', '/mact_web/a/sys/menu/', 'GET', '', ''),('ab29115690ca47ccb181137534ffaf90', '1', '系统登录', '8a4c7df9f62a46bd93146a0947e6d49c', '2019-07-22 08:25:19', '127.0.0.1', 'Mozilla/5.0 (Windows NT 10.0; Win64; x64) AppleWebKit/537.36 (KHTML, like Gecko) Chrome/75.0.3770.142 Safari/537.36', '/mact_web/a', 'GET', 'login=', ''),('afc9d02681524f1b953c9dae2b5988f9', '1', '语料管理-语料管理-语料采集', '8a4c7df9f62a46bd93146a0947e6d49c', '2019-07-22 08:25:20', '127.0.0.1', 'Mozilla/5.0 (Windows NT 10.0; Win64; x64) AppleWebKit/537.36 (KHTML, like Gecko) Chrome/75.0.3770.142 Safari/537.36', '/mact_web/a/mact/mactUser', 'GET', '', ''),('1bce26ddadec419684db98928a31a007', '1', '语料管理-量表管理-phq9量表', '8a4c7df9f62a46bd93146a0947e6d49c', '2019-07-22 08:25:22', '127.0.0.1', 'Mozilla/5.0 (Windows NT 10.0; Win64; x64) AppleWebKit/537.36 (KHTML, like Gecko) Chrome/75.0.3770.142 Safari/537.36', '/mact_web/a/mact/phq9/mactPhq9', 'GET', '', ''),('650dc16ed8004a5abfbb51e11074d217', '1', '语料管理-量表管理-用户phq9分值', '8a4c7df9f62a46bd93146a0947e6d49c', '2019-07-22 08:25:24', '127.0.0.1', 'Mozilla/5.0 (Windows NT 10.0; Win64; x64) AppleWebKit/537.36 (KHTML, like Gecko) Chrome/75.0.3770.142 Safari/537.36', '/mact_web/a/mact/userphq9/mactUserPhq9', 'GET', '', ''),('eaa18b8310c846f496b39e676b1e9a3a', '1', '语料管理-量表管理-phq9量表', '8a4c7df9f62a46bd93146a0947e6d49c', '2019-07-22 08:25:25', '127.0.0.1', 'Mozilla/5.0 (Windows NT 10.0; Win64; x64) AppleWebKit/537.36 (KHTML, like Gecko) Chrome/75.0.3770.142 Safari/537.36', '/mact_web/a/mact/phq9/mactPhq9', 'GET', '', ''),('8486da0a3abd43eca2002044314ffe41', '1', '语料管理-语料管理-语料采集', '8a4c7df9f62a46bd93146a0947e6d49c', '2019-07-22 08:25:28', '127.0.0.1', 'Mozilla/5.0 (Windows NT 10.0; Win64; x64) AppleWebKit/537.36 (KHTML, like Gecko) Chrome/75.0.3770.142 Safari/537.36', '/mact_web/a/mact/mactUser', 'GET', '', ''),('90abb7122c2a4ed0951aa8eb3e9b5292', '1', '语料管理-量表管理-phq9量表', '8a4c7df9f62a46bd93146a0947e6d49c', '2019-07-22 08:25:29', '127.0.0.1', 'Mozilla/5.0 (Windows NT 10.0; Win64; x64) AppleWebKit/537.36 (KHTML, like Gecko) Chrome/75.0.3770.142 Safari/537.36', '/mact_web/a/mact/phq9/mactPhq9', 'GET', '', ''),('0745fddb7b19492c95f997c8d04f3be2', '1', '语料管理-量表管理-用户phq9分值', '8a4c7df9f62a46bd93146a0947e6d49c', '2019-07-22 08:25:30', '127.0.0.1', 'Mozilla/5.0 (Windows NT 10.0; Win64; x64) AppleWebKit/537.36 (KHTML, like Gecko) Chrome/75.0.3770.142 Safari/537.36', '/mact_web/a/mact/userphq9/mactUserPhq9', 'GET', '', ''),('c91adf6087784a7ca977cff9d80a1c1b', '1', '语料管理-量表管理-phq9量表', '8a4c7df9f62a46bd93146a0947e6d49c', '2019-07-22 08:25:31', '127.0.0.1', 'Mozilla/5.0 (Windows NT 10.0; Win64; x64) AppleWebKit/537.36 (KHTML, like Gecko) Chrome/75.0.3770.142 Safari/537.36', '/mact_web/a/mact/phq9/mactPhq9', 'GET', '', ''),('df12e62033fc4dcfa4bcd1c80b597c86', '1', '系统登录', '1', '2019-07-22 08:30:42', '127.0.0.1', 'Mozilla/5.0 (Windows NT 10.0; Win64; x64) AppleWebKit/537.36 (KHTML, like Gecko) Chrome/64.0.3282.140 Safari/537.36 Edge/18.17763', '/mact_web/a', 'GET', '', ''),('7e94466cd6b3451cbeefa5b95dbd6b3b', '1', '系统设置-用户管理-用户管理', '1', '2019-07-22 08:30:44', '127.0.0.1', 'Mozilla/5.0 (Windows NT 10.0; Win64; x64) AppleWebKit/537.36 (KHTML, like Gecko) Chrome/64.0.3282.140 Safari/537.36 Edge/18.17763', '/mact_web/a/sys/user/list', 'GET', '', ''),('608bc4d9cb47445989d481a1a3dc3ce1', '1', '系统登录', '8a4c7df9f62a46bd93146a0947e6d49c', '2019-07-22 09:00:28', '127.0.0.1', 'Mozilla/5.0 (Windows NT 10.0; Win64; x64) AppleWebKit/537.36 (KHTML, like Gecko) Chrome/64.0.3282.140 Safari/537.36 Edge/18.17763', '/mact_web/a', 'GET', 'login=', ''),('cab9523061074f13af72d84296f4aae8', '1', '语料管理-语料管理-语料采集', '8a4c7df9f62a46bd93146a0947e6d49c', '2019-07-22 09:00:30', '127.0.0.1', 'Mozilla/5.0 (Windows NT 10.0; Win64; x64) AppleWebKit/537.36 (KHTML, like Gecko) Chrome/64.0.3282.140 Safari/537.36 Edge/18.17763', '/mact_web/a/mact/mactUser', 'GET', '', ''),('f57f3ed1dd4745a295bbc2c2f24cf1af', '1', '语料管理-量表管理-phq9量表', '8a4c7df9f62a46bd93146a0947e6d49c', '2019-07-22 09:00:32', '127.0.0.1', 'Mozilla/5.0 (Windows NT 10.0; Win64; x64) AppleWebKit/537.36 (KHTML, like Gecko) Chrome/64.0.3282.140 Safari/537.36 Edge/18.17763', '/mact_web/a/mact/phq9/mactPhq9', 'GET', '', ''),('76859016996048e89f9b54bea442581a', '1', '系统登录', '8a4c7df9f62a46bd93146a0947e6d49c', '2019-07-22 09:07:56', '127.0.0.1', 'Mozilla/5.0 (Windows NT 10.0; Win64; x64) AppleWebKit/537.36 (KHTML, like Gecko) Chrome/64.0.3282.140 Safari/537.36 Edge/18.17763', '/mact_web/a', 'GET', 'login=', ''),('dc879643c8b44c59a08ffe9819298d33', '1', '语料管理-语料管理-语料采集', '8a4c7df9f62a46bd93146a0947e6d49c', '2019-07-22 09:07:57', '127.0.0.1', 'Mozilla/5.0 (Windows NT 10.0; Win64; x64) AppleWebKit/537.36 (KHTML, like Gecko) Chrome/64.0.3282.140 Safari/537.36 Edge/18.17763', '/mact_web/a/mact/mactUser', 'GET', '', ''),('551bd537a5b34001b499fb882e8783c4', '1', '系统登录', '8a4c7df9f62a46bd93146a0947e6d49c', '2019-07-22 09:09:32', '127.0.0.1', 'Mozilla/5.0 (Windows NT 10.0; Win64; x64) AppleWebKit/537.36 (KHTML, like Gecko) Chrome/75.0.3770.142 Safari/537.36', '/mact_web/a', 'GET', 'login=', ''),('4567a503fbc149d6883a6270c3cf7d8a', '1', '语料管理-语料管理-语料采集', '8a4c7df9f62a46bd93146a0947e6d49c', '2019-07-22 09:09:32', '127.0.0.1', 'Mozilla/5.0 (Windows NT 10.0; Win64; x64) AppleWebKit/537.36 (KHTML, like Gecko) Chrome/75.0.3770.142 Safari/537.36', '/mact_web/a/mact/mactUser', 'GET', '', ''),('9e9409627df54f2d8063c566eafddfdb', '1', '系统登录', '8a4c7df9f62a46bd93146a0947e6d49c', '2019-07-22 09:15:09', '127.0.0.1', 'Mozilla/5.0 (Windows NT 10.0; Win64; x64) AppleWebKit/537.36 (KHTML, like Gecko) Chrome/64.0.3282.140 Safari/537.36 Edge/18.17763', '/mact_web/a', 'GET', 'login=', ''),('7c840c63e5274414b1488cb8be5f4245', '1', '语料管理-语料管理-语料采集', '8a4c7df9f62a46bd93146a0947e6d49c', '2019-07-22 09:15:11', '127.0.0.1', 'Mozilla/5.0 (Windows NT 10.0; Win64; x64) AppleWebKit/537.36 (KHTML, like Gecko) Chrome/64.0.3282.140 Safari/537.36 Edge/18.17763', '/mact_web/a/mact/mactUser', 'GET', '', ''),('ce22d4ad66ca402b8f8e525ab397e723', '1', '系统登录', '8a4c7df9f62a46bd93146a0947e6d49c', '2019-07-22 09:18:04', '127.0.0.1', 'Mozilla/5.0 (Windows NT 10.0; Win64; x64) AppleWebKit/537.36 (KHTML, like Gecko) Chrome/64.0.3282.140 Safari/537.36 Edge/18.17763', '/mact_web/a', 'GET', 'login=', ''),('e9c8718eceba4d34ba5ddfe4be68697c', '1', '语料管理-语料管理-语料采集', '8a4c7df9f62a46bd93146a0947e6d49c', '2019-07-22 09:18:05', '127.0.0.1', 'Mozilla/5.0 (Windows NT 10.0; Win64; x64) AppleWebKit/537.36 (KHTML, like Gecko) Chrome/64.0.3282.140 Safari/537.36 Edge/18.17763', '/mact_web/a/mact/mactUser', 'GET', '', ''),('83db63ba9f7a42e49eae6448f779ca25', '1', '系统登录', '8a4c7df9f62a46bd93146a0947e6d49c', '2019-07-22 09:32:01', '127.0.0.1', 'Mozilla/5.0 (Windows NT 10.0; Win64; x64) AppleWebKit/537.36 (KHTML, like Gecko) Chrome/64.0.3282.140 Safari/537.36 Edge/18.17763', '/mact_web/a', 'GET', '', ''),('0932e45c34134724b3c00a2115714134', '1', '语料管理-语料管理-语料采集', '8a4c7df9f62a46bd93146a0947e6d49c', '2019-07-22 09:32:03', '127.0.0.1', 'Mozilla/5.0 (Windows NT 10.0; Win64; x64) AppleWebKit/537.36 (KHTML, like Gecko) Chrome/64.0.3282.140 Safari/537.36 Edge/18.17763', '/mact_web/a/mact/mactUser', 'GET', '', ''),('c0ae335439424b6d921aa3e786134024', '1', '系统登录', '8a4c7df9f62a46bd93146a0947e6d49c', '2019-07-22 09:46:28', '127.0.0.1', 'Mozilla/5.0 (Windows NT 10.0; Win64; x64) AppleWebKit/537.36 (KHTML, like Gecko) Chrome/64.0.3282.140 Safari/537.36 Edge/18.17763', '/mact_web/a', 'GET', '', ''),('ac9775c50e764a3d8d5be26251b176a1', '1', '语料管理-语料管理-语料采集', '8a4c7df9f62a46bd93146a0947e6d49c', '2019-07-22 09:46:30', '127.0.0.1', 'Mozilla/5.0 (Windows NT 10.0; Win64; x64) AppleWebKit/537.36 (KHTML, like Gecko) Chrome/64.0.3282.140 Safari/537.36 Edge/18.17763', '/mact_web/a/mact/mactUser', 'GET', '', ''),('c163a66b8ab94c46907d82ab1f7cc076', '1', '系统登录', '8a4c7df9f62a46bd93146a0947e6d49c', '2019-07-22 11:07:59', '127.0.0.1', 'Mozilla/5.0 (Windows NT 10.0; Win64; x64) AppleWebKit/537.36 (KHTML, like Gecko) Chrome/64.0.3282.140 Safari/537.36 Edge/18.17763', '/mact_web/a', 'GET', 'login=', ''),('a0660f0753e948709de3c26fc9d9b068', '1', '语料管理-语料管理-语料采集', '8a4c7df9f62a46bd93146a0947e6d49c', '2019-07-22 11:08:01', '127.0.0.1', 'Mozilla/5.0 (Windows NT 10.0; Win64; x64) AppleWebKit/537.36 (KHTML, like Gecko) Chrome/64.0.3282.140 Safari/537.36 Edge/18.17763', '/mact_web/a/mact/mactUser', 'GET', '', ''),('7f563f1ffa764892b8d0102c76cd10bb', '1', '系统登录', '8a4c7df9f62a46bd93146a0947e6d49c', '2019-07-23 10:02:25', '192.168.1.107', 'Mozilla/5.0 (Windows NT 10.0; Win64; x64) AppleWebKit/537.36 (KHTML, like Gecko) Chrome/64.0.3282.140 Safari/537.36 Edge/18.17763', '/mact_web/a', 'GET', 'login=', ''),('7c1cccba284944c983907bced96f711c', '1', '系统登录', '8a4c7df9f62a46bd93146a0947e6d49c', '2019-07-23 10:05:09', '127.0.0.1', 'Mozilla/5.0 (Windows NT 10.0; Win64; x64) AppleWebKit/537.36 (KHTML, like Gecko) Chrome/64.0.3282.140 Safari/537.36 Edge/18.17763', '/mact_web/a', 'GET', 'login=', ''),('ae78ececd1d54be4bbb396bde8d7ecec', '1', '系统登录', '8a4c7df9f62a46bd93146a0947e6d49c', '2019-07-23 11:02:47', '192.168.1.107', 'Mozilla/5.0 (Windows NT 10.0; Win64; x64) AppleWebKit/537.36 (KHTML, like Gecko) Chrome/64.0.3282.140 Safari/537.36 Edge/18.17763', '/mact_web/a', 'GET', 'login=', ''),('dd6a1ca0cd954387818082f51ce2199f', '1', '系统登录', '8a4c7df9f62a46bd93146a0947e6d49c', '2019-07-23 11:15:58', '192.168.1.107', 'Mozilla/5.0 (Windows NT 10.0; Win64; x64) AppleWebKit/537.36 (KHTML, like Gecko) Chrome/64.0.3282.140 Safari/537.36 Edge/18.17763', '/mact_web/a/mact/phq9/mactPhq9', 'GET', '', ''),('e23f5951b49143de93eac587a50c70b9', '1', '系统登录', '8a4c7df9f62a46bd93146a0947e6d49c', '2019-07-23 11:21:38', '192.168.1.107', 'Mozilla/5.0 (Windows NT 10.0; Win64; x64) AppleWebKit/537.36 (KHTML, like Gecko) Chrome/64.0.3282.140 Safari/537.36 Edge/18.17763', '/mact_web/a', 'GET', 'login=', ''),('0b6705534dea4538803f49ef44131fb1', '1', '系统登录', '8a4c7df9f62a46bd93146a0947e6d49c', '2019-07-23 11:23:29', '192.168.1.107', 'Mozilla/5.0 (Windows NT 10.0; Win64; x64) AppleWebKit/537.36 (KHTML, like Gecko) Chrome/64.0.3282.140 Safari/537.36 Edge/18.17763', '/mact_web/a', 'GET', 'login=', ''),('d563bd941fba4f3d9fc8927c2a94045e', '1', '系统登录', '8a4c7df9f62a46bd93146a0947e6d49c', '2019-07-24 03:44:50', '127.0.0.1', 'Mozilla/5.0 (Windows NT 10.0; Win64; x64) AppleWebKit/537.36 (KHTML, like Gecko) Chrome/64.0.3282.140 Safari/537.36 Edge/18.17763', '/mact_web/a', 'GET', 'login=', ''),('9f5ab793e59440aeae975bda8d37b42c', '1', '系统登录', '8a4c7df9f62a46bd93146a0947e6d49c', '2019-07-24 06:56:03', '127.0.0.1', 'Mozilla/5.0 (Windows NT 10.0; Win64; x64) AppleWebKit/537.36 (KHTML, like Gecko) Chrome/64.0.3282.140 Safari/537.36 Edge/18.17763', '/mact_web/a', 'GET', 'login=', ''),('a76bdbf2fdba4ccda1adc6fd253d10d4', '1', '系统登录', '8a4c7df9f62a46bd93146a0947e6d49c', '2019-07-24 07:02:30', '127.0.0.1', 'Mozilla/5.0 (Windows NT 10.0; Win64; x64) AppleWebKit/537.36 (KHTML, like Gecko) Chrome/64.0.3282.140 Safari/537.36 Edge/18.17763', '/mact_web/a', 'GET', '', ''),('0cd6cf83e7164ebb88908078dda1cf2f', '1', '系统登录', '8a4c7df9f62a46bd93146a0947e6d49c', '2019-07-24 07:12:57', '127.0.0.1', 'Mozilla/5.0 (Windows NT 10.0; Win64; x64) AppleWebKit/537.36 (KHTML, like Gecko) Chrome/64.0.3282.140 Safari/537.36 Edge/18.17763', '/mact_web/a', 'GET', '', ''),('572a8a6dc840442bac0fd37be166a086', '1', '系统登录', '8a4c7df9f62a46bd93146a0947e6d49c', '2019-07-24 07:19:37', '127.0.0.1', 'Mozilla/5.0 (Windows NT 10.0; Win64; x64) AppleWebKit/537.36 (KHTML, like Gecko) Chrome/64.0.3282.140 Safari/537.36 Edge/18.17763', '/mact_web/a', 'GET', 'login=', ''),('95af0abc6d0b46288af19c1879685098', '1', '系统登录', '8a4c7df9f62a46bd93146a0947e6d49c', '2019-07-24 07:23:23', '127.0.0.1', 'Mozilla/5.0 (Windows NT 10.0; Win64; x64) AppleWebKit/537.36 (KHTML, like Gecko) Chrome/64.0.3282.140 Safari/537.36 Edge/18.17763', '/mact_web/a', 'GET', '', ''),('08487620d7594c52b718c3a587dd9d47', '1', '系统登录', '8a4c7df9f62a46bd93146a0947e6d49c', '2019-07-24 07:27:12', '127.0.0.1', 'Mozilla/5.0 (Windows NT 10.0; Win64; x64) AppleWebKit/537.36 (KHTML, like Gecko) Chrome/64.0.3282.140 Safari/537.36 Edge/18.17763', '/mact_web/a', 'GET', 'login=', ''),('64ac2cdd0be647e785377d53f92876de', '1', '系统登录', '8a4c7df9f62a46bd93146a0947e6d49c', '2019-08-13 10:28:05', '127.0.0.1', 'Mozilla/5.0 (Windows NT 10.0; Win64; x64) AppleWebKit/537.36 (KHTML, like Gecko) Chrome/64.0.3282.140 Safari/537.36 Edge/18.17763', '/mact_web/a', 'GET', 'login=', '');
UNLOCK TABLES;
COMMIT;
BEGIN;
LOCK TABLES `mact`.`sys_menu` WRITE;
DELETE FROM `mact`.`sys_menu`;
INSERT INTO `mact`.`sys_menu` (`ID`,`PARENT_ID`,`PARENT_IDS`,`NAME`,`SORT`,`HREF`,`TARGET`,`ICON`,`IS_SHOW`,`PERMISSION`,`CREATE_BY`,`CREATE_DATE`,`UPDATE_BY`,`UPDATE_DATE`,`REMARKS`,`DEL_FLAG`) VALUES ('1', '0', '0,', '功能菜单', 0, NULL, NULL, NULL, '1', NULL, '1', '2013-05-27 08:00:00', '1', '2013-05-27 08:00:00', NULL, '0'),('79', '1', '0,1,', '代码生成', 5000, NULL, NULL, NULL, '1', NULL, '1', '2013-10-16 08:00:00', '1', '2013-10-16 08:00:00', NULL, '0'),('27', '1', '0,1,', '我的面板', 100, NULL, NULL, NULL, '1', NULL, '1', '2013-05-27 08:00:00', '1', '2013-05-27 08:00:00', NULL, '0'),('2', '1', '0,1,', '系统设置', 900, NULL, NULL, NULL, '1', NULL, '1', '2013-05-27 08:00:00', '1', '2013-05-27 08:00:00', NULL, '0'),('11', '10', '0,1,2,3,10,', '查看', 30, NULL, NULL, NULL, '0', 'sys:dict:view', '1', '2013-05-27 08:00:00', '1', '2013-05-27 08:00:00', NULL, '0'),('12', '10', '0,1,2,3,10,', '修改', 40, NULL, NULL, NULL, '0', 'sys:dict:edit', '1', '2013-05-27 08:00:00', '1', '2013-05-27 08:00:00', NULL, '0'),('14', '13', '0,1,2,13,', '区域管理', 50, '/sys/area/', NULL, 'icon-th', '1', NULL, '1', '2013-05-27 08:00:00', '1', '2013-05-27 08:00:00', NULL, '0'),('20', '13', '0,1,2,13,', '用户管理', 30, '/sys/user/list', NULL, 'icon-user', '1', NULL, '1', '2013-05-27 08:00:00', '1', '2013-05-27 08:00:00', NULL, '0'),('15', '14', '0,1,2,13,14,', '查看', 30, NULL, NULL, NULL, '0', 'sys:area:view', '1', '2013-05-27 08:00:00', '1', '2013-05-27 08:00:00', NULL, '0'),('16', '14', '0,1,2,13,14,', '修改', 40, NULL, NULL, NULL, '0', 'sys:area:edit', '1', '2013-05-27 08:00:00', '1', '2013-05-27 08:00:00', NULL, '0'),('67', '2', '0,1,2,', '日志查询', 985, NULL, NULL, NULL, '1', NULL, '1', '2013-06-03 08:00:00', '1', '2013-06-03 08:00:00', NULL, '0'),('3', '2', '0,1,2,', '系统设置', 980, NULL, NULL, NULL, '1', NULL, '1', '2013-05-27 08:00:00', '1', '2013-05-27 08:00:00', NULL, '0'),('13', '2', '0,1,2,', '用户管理', 970, NULL, NULL, NULL, '1', NULL, '1', '2013-05-27 08:00:00', '1', '2013-05-27 08:00:00', NULL, '0'),('21', '20', '0,1,2,13,20,', '查看', 30, NULL, NULL, NULL, '0', 'sys:user:view', '1', '2013-05-27 08:00:00', '1', '2013-05-27 08:00:00', NULL, '0'),('22', '20', '0,1,2,13,20,', '修改', 40, NULL, NULL, NULL, '0', 'sys:user:edit', '1', '2013-05-27 08:00:00', '1', '2013-05-27 08:00:00', NULL, '0'),('71', '27', '0,1,27,', '文件管理', 90, NULL, NULL, NULL, '1', NULL, '1', '2013-05-27 08:00:00', '1', '2013-05-27 08:00:00', NULL, '0'),('28', '27', '0,1,27,', '个人信息', 30, NULL, NULL, NULL, '1', NULL, '1', '2013-05-27 08:00:00', '1', '2013-05-27 08:00:00', NULL, '0'),('29', '28', '0,1,27,28,', '个人信息', 30, '/sys/user/info', NULL, 'icon-user', '1', NULL, '1', '2013-05-27 08:00:00', '1', '2013-05-27 08:00:00', NULL, '0'),('30', '28', '0,1,27,28,', '修改密码', 40, '/sys/user/modifyPwd', NULL, 'icon-lock', '1', NULL, '1', '2013-05-27 08:00:00', '1', '2013-05-27 08:00:00', NULL, '0'),('7', '3', '0,1,2,3,', '角色管理', 50, '/sys/role/', NULL, 'icon-lock', '1', 'sys:role:view,sys:role:edit', '1', '2013-05-27 08:00:00', '1', '2013-05-27 08:00:00', NULL, '0'),('4', '3', '0,1,2,3,', '菜单管理', 30, '/sys/menu/', NULL, 'icon-list-alt', '1', NULL, '1', '2013-05-27 08:00:00', '1', '2013-05-27 08:00:00', NULL, '0'),('10', '3', '0,1,2,3,', '字典管理', 60, '/sys/dict/', NULL, 'icon-th-list', '1', NULL, '1', '2013-05-27 08:00:00', '1', '2013-05-27 08:00:00', NULL, '0'),('5', '4', '0,1,2,3,4,', '查看', 30, NULL, NULL, NULL, '0', 'sys:menu:view', '1', '2013-05-27 08:00:00', '1', '2013-05-27 08:00:00', NULL, '0'),('6', '4', '0,1,2,3,4,', '修改', 40, NULL, NULL, NULL, '0', 'sys:menu:edit', '1', '2013-05-27 08:00:00', '1', '2013-05-27 08:00:00', NULL, '0'),('57', '56', '0,1,27,40,56,', '查看', 30, NULL, NULL, NULL, '0', 'cms:ckfinder:view', '1', '2013-05-27 08:00:00', '1', '2013-05-27 08:00:00', NULL, '0'),('59', '56', '0,1,27,40,56,', '修改', 50, NULL, NULL, NULL, '0', 'cms:ckfinder:edit', '1', '2013-05-27 08:00:00', '1', '2013-05-27 08:00:00', NULL, '0'),('58', '56', '0,1,27,40,56,', '上传', 40, NULL, NULL, NULL, '0', 'cms:ckfinder:upload', '1', '2013-05-27 08:00:00', '1', '2013-05-27 08:00:00', NULL, '0'),('68', '67', '0,1,2,67,', '日志查询', 30, '/sys/log', NULL, 'icon-pencil', '1', 'sys:log:view', '1', '2013-06-03 08:00:00', '1', '2013-06-03 08:00:00', NULL, '0'),('84', '67', '0,1,2,67,', '连接池监视', 40, '/../druid', NULL, 'icon-indent-right', '1', NULL, '1', '2013-10-18 08:00:00', '1', '2013-10-18 08:00:00', NULL, '0'),('8', '7', '0,1,2,3,7,', '查看', 30, NULL, NULL, NULL, '0', 'sys:role:view', '1', '2013-05-27 08:00:00', '1', '2013-05-27 08:00:00', NULL, '0'),('9', '7', '0,1,2,3,7,', '修改', 40, NULL, NULL, NULL, '0', 'sys:role:edit', '1', '2013-05-27 08:00:00', '1', '2013-05-27 08:00:00', NULL, '0'),('56', '71', '0,1,27,71,', '文件管理', 90, '/../static/ckfinder/ckfinder.html', NULL, 'icon-folder-open', '1', NULL, '1', '2013-05-27 08:00:00', '1', '2013-05-27 08:00:00', NULL, '0'),('80', '79', '0,1,79,', '代码生成', 50, NULL, NULL, NULL, '1', NULL, '1', '2013-10-16 08:00:00', '1', '2013-10-16 08:00:00', NULL, '0'),('81', '80', '0,1,79,80,', '生成方案配置', 30, '/gen/genScheme', NULL, NULL, '1', 'gen:genScheme:view,gen:genScheme:edit', '1', '2013-10-16 08:00:00', '1', '2013-10-16 08:00:00', NULL, '0'),('82', '80', '0,1,79,80,', '业务表配置', 20, '/gen/genTable', NULL, NULL, '1', 'gen:genTable:view,gen:genTable:edit,gen:genTableColumn:view,gen:genTableColumn:edit', '1', '2013-10-16 08:00:00', '1', '2013-10-16 08:00:00', NULL, '0'),('691af558a1064f5d9b73e9c324ca8642', '1', '0,1,', '语料管理', 5030, '', '', '', '1', '', '1', '2019-05-12 16:23:18', '1', '2019-05-12 16:23:18', '', '0'),('4c1df4fe11ea42f9ab3be17687e46aec', '76e5943ff36146ed98e7232c37f6acb5', '0,1,691af558a1064f5d9b73e9c324ca8642,76e5943ff36146ed98e7232c37f6acb5,', '语料采集', 30, '/mact/mactUser', '', 'icon-music', '1', '', '1', '2019-05-12 16:24:58', '1', '2019-05-12 16:52:07', '', '0'),('b21ea914cc5244a8ba948e316e521756', '4c1df4fe11ea42f9ab3be17687e46aec', '0,1,691af558a1064f5d9b73e9c324ca8642,76e5943ff36146ed98e7232c37f6acb5,4c1df4fe11ea42f9ab3be17687e46aec,', '查看', 30, '', '', '', '0', 'mact:mactUser:view', '1', '2019-05-12 16:25:51', '1', '2019-05-12 16:26:08', '', '0'),('16bf67bedce94e4ca7119a2beb74af8d', '4c1df4fe11ea42f9ab3be17687e46aec', '0,1,691af558a1064f5d9b73e9c324ca8642,76e5943ff36146ed98e7232c37f6acb5,4c1df4fe11ea42f9ab3be17687e46aec,', '修改', 60, '', '', '', '0', 'mact:mactUser:edit', '1', '2019-05-12 16:26:24', '1', '2019-05-12 16:26:24', '', '0'),('76e5943ff36146ed98e7232c37f6acb5', '691af558a1064f5d9b73e9c324ca8642', '0,1,691af558a1064f5d9b73e9c324ca8642,', '语料管理', 10, '', '', '', '1', '', '1', '2019-05-12 16:29:39', '1', '2019-05-12 16:29:39', '', '0'),('5242d7b322234f12902429f16b3ab062', '691af558a1064f5d9b73e9c324ca8642', '0,1,691af558a1064f5d9b73e9c324ca8642,', '量表管理', 5060, '', '', '', '1', '', '1', '2019-07-22 06:43:05', '1', '2019-07-22 07:26:35', '', '0'),('650b4327ee254cf9a7e40103b65b1a52', '5242d7b322234f12902429f16b3ab062', '0,1,691af558a1064f5d9b73e9c324ca8642,5242d7b322234f12902429f16b3ab062,', 'phq9量表', 30, '/mact/phq9/mactPhq9', '', 'icon-list', '1', '', '1', '2019-07-22 06:43:55', '1', '2019-07-22 06:49:43', '', '0'),('ca669c4dae96466c8b68a3b522b7e7a2', '650b4327ee254cf9a7e40103b65b1a52', '0,1,691af558a1064f5d9b73e9c324ca8642,5242d7b322234f12902429f16b3ab062,650b4327ee254cf9a7e40103b65b1a52,', '查看', 30, '', '', '', '0', 'mact:phq9:mactPhq9:view', '1', '2019-07-22 06:44:43', '1', '2019-07-22 07:03:03', '', '0'),('9003a8975f53477e812955af6a414f6b', '650b4327ee254cf9a7e40103b65b1a52', '0,1,691af558a1064f5d9b73e9c324ca8642,5242d7b322234f12902429f16b3ab062,650b4327ee254cf9a7e40103b65b1a52,', '修改', 60, '', '', '', '0', 'mact:phq9:mactPhq9:edit', '1', '2019-07-22 06:45:10', '1', '2019-07-22 07:03:13', '', '0'),('646be821614c4d23a0373f4fd4d94210', '5242d7b322234f12902429f16b3ab062', '0,1,691af558a1064f5d9b73e9c324ca8642,5242d7b322234f12902429f16b3ab062,', '用户phq9分值', 60, '/mact/userphq9/mactUserPhq9', '', 'icon-gift', '1', '', '1', '2019-07-22 06:46:13', '1', '2019-07-22 07:03:48', '', '0'),('013c4c9fd3fd42208f5b410b3b22d2c6', '646be821614c4d23a0373f4fd4d94210', '0,1,691af558a1064f5d9b73e9c324ca8642,5242d7b322234f12902429f16b3ab062,646be821614c4d23a0373f4fd4d94210,', '查看', 30, '', '', '', '0', 'mact:userphq9:mactUserPhq9:view', '1', '2019-07-22 06:47:27', '1', '2019-07-22 08:22:16', '', '0'),('52fd921d4ecf41f99bad7db8c33715aa', '646be821614c4d23a0373f4fd4d94210', '0,1,691af558a1064f5d9b73e9c324ca8642,5242d7b322234f12902429f16b3ab062,646be821614c4d23a0373f4fd4d94210,', '编辑', 60, '', '', '', '0', 'mact:userphq9:mactUserPhq9:edit', '1', '2019-07-22 06:47:57', '1', '2019-07-22 07:04:16', '', '0');
UNLOCK TABLES;
COMMIT;
BEGIN;
LOCK TABLES `mact`.`sys_role` WRITE;
DELETE FROM `mact`.`sys_role`;
INSERT INTO `mact`.`sys_role` (`ID`,`NAME`,`ENNAME`,`ROLE_TYPE`,`DATA_SCOPE`,`IS_SYS`,`USEABLE`,`CREATE_BY`,`CREATE_DATE`,`UPDATE_BY`,`UPDATE_DATE`,`REMARKS`,`DEL_FLAG`) VALUES ('1', '系统管理员', 'sysadmin', 'assignment', '1', '1', '1', '1', '2013-05-27 08:00:00', '1', '2015-07-10 11:41:44', '系统内置管理员角色', '0'),('5da6dc7368fb44e29bbd337e38ae501a', '普通用户', 'normal', 'assignment', '8', '1', '1', '1', '2019-05-07 18:46:14', '1', '2019-05-07 18:46:14', NULL, '0'),('dce5ba3a2bbc40038dd7a4986966a23d', '语料管理', 'radioRole', 'assignment', '8', '1', '1', '1', '2019-05-08 09:57:58', '1', '2019-07-22 06:48:17', '', '0');
UNLOCK TABLES;
COMMIT;
BEGIN;
LOCK TABLES `mact`.`sys_role_menu` WRITE;
DELETE FROM `mact`.`sys_role_menu`;
INSERT INTO `mact`.`sys_role_menu` (`ROLE_ID`,`MENU_ID`) VALUES ('1', '1'),('1', '2'),('1', '13'),('1', '20'),('1', '21'),('1', '22'),('1', '14'),('1', '15'),('1', '16'),('1', '3'),('1', '4'),('1', '5'),('1', '6'),('1', '7'),('1', '10'),('1', '11'),('1', '12'),('1', '67'),('1', '79'),('1', '80'),('1', '82'),('1', '81'),('1', '84'),('5da6dc7368fb44e29bbd337e38ae501a', '1'),('5da6dc7368fb44e29bbd337e38ae501a', '79'),('5da6dc7368fb44e29bbd337e38ae501a', '80'),('5da6dc7368fb44e29bbd337e38ae501a', '82'),('5da6dc7368fb44e29bbd337e38ae501a', '81'),('dce5ba3a2bbc40038dd7a4986966a23d', '1'),('dce5ba3a2bbc40038dd7a4986966a23d', '691af558a1064f5d9b73e9c324ca8642'),('dce5ba3a2bbc40038dd7a4986966a23d', '76e5943ff36146ed98e7232c37f6acb5'),('dce5ba3a2bbc40038dd7a4986966a23d', '4c1df4fe11ea42f9ab3be17687e46aec'),('dce5ba3a2bbc40038dd7a4986966a23d', 'b21ea914cc5244a8ba948e316e521756'),('dce5ba3a2bbc40038dd7a4986966a23d', '16bf67bedce94e4ca7119a2beb74af8d'),('dce5ba3a2bbc40038dd7a4986966a23d', '5242d7b322234f12902429f16b3ab062'),('dce5ba3a2bbc40038dd7a4986966a23d', '650b4327ee254cf9a7e40103b65b1a52'),('dce5ba3a2bbc40038dd7a4986966a23d', 'ca669c4dae96466c8b68a3b522b7e7a2'),('dce5ba3a2bbc40038dd7a4986966a23d', '9003a8975f53477e812955af6a414f6b'),('dce5ba3a2bbc40038dd7a4986966a23d', '646be821614c4d23a0373f4fd4d94210'),('dce5ba3a2bbc40038dd7a4986966a23d', '013c4c9fd3fd42208f5b410b3b22d2c6'),('dce5ba3a2bbc40038dd7a4986966a23d', '52fd921d4ecf41f99bad7db8c33715aa');
UNLOCK TABLES;
COMMIT;
BEGIN;
LOCK TABLES `mact`.`sys_user` WRITE;
DELETE FROM `mact`.`sys_user`;
INSERT INTO `mact`.`sys_user` (`ID`,`LOGIN_NAME`,`PASSWORD`,`NO`,`NAME`,`EMAIL`,`PHONE`,`MOBILE`,`USER_TYPE`,`PHOTO`,`LOGIN_IP`,`LOGIN_DATE`,`LOGIN_FLAG`,`OBJECT_ID`,`OBJECT_DAO`,`CREATE_BY`,`CREATE_DATE`,`UPDATE_BY`,`UPDATE_DATE`,`REMARKS`,`DEL_FLAG`) VALUES ('1', 'admin', '5dc0d51b48fc82df9b45de40b86e9ce0a4e7f825b10417115ab3c74c', NULL, '系统管理员', NULL, NULL, NULL, NULL, NULL, '127.0.0.1', '2019-07-22 08:30:42', '1', NULL, NULL, '1', '2013-05-27 08:00:00', '1', '2015-07-10 11:41:22', '最高管理员', '0'),('b0419abf585742d4a93a65fd4115fc6b', 'timsaid', '0829b7245a492a5b785e2824cf000fe3f554b25aaa6ce05f2a436cf8', NULL, 'timsaid', NULL, NULL, NULL, NULL, NULL, '127.0.0.1', '2019-05-14 11:26:17', '1', NULL, NULL, '1', '2019-05-07 18:46:51', '1', '2019-05-13 17:39:41', NULL, '0'),('8a4c7df9f62a46bd93146a0947e6d49c', 'mact', 'f4b4b771191dcb13eee1c7cbdd042e5fec074d06ca078e3dc4b57d78', NULL, 'mact', '', '', '', '', '', '127.0.0.1', '2019-08-13 10:28:05', '1', NULL, NULL, '1', '2019-05-13 17:40:23', '1', '2019-05-13 17:40:23', '', '0'),('fbe95cdb814f45ee812c3841c08b2da8', 'ceshi', '6f51bd6237d1abbc3640958bd9c29db1391614babd502372fba6b879', NULL, 'ceshi', '', '', '', '', '', NULL, NULL, '1', NULL, NULL, '1', '2019-05-25 09:58:11', '1', '2019-05-25 09:58:11', '', '0');
UNLOCK TABLES;
COMMIT;
BEGIN;
LOCK TABLES `mact`.`sys_user_role` WRITE;
DELETE FROM `mact`.`sys_user_role`;
INSERT INTO `mact`.`sys_user_role` (`USER_ID`,`ROLE_ID`) VALUES ('1', '1'),('b0419abf585742d4a93a65fd4115fc6b', '5da6dc7368fb44e29bbd337e38ae501a'),('b0419abf585742d4a93a65fd4115fc6b', 'dce5ba3a2bbc40038dd7a4986966a23d'),('8a4c7df9f62a46bd93146a0947e6d49c', 'dce5ba3a2bbc40038dd7a4986966a23d'),('fbe95cdb814f45ee812c3841c08b2da8', 'dce5ba3a2bbc40038dd7a4986966a23d');
UNLOCK TABLES;
COMMIT;
